bedrooms,bathrooms,sqft_living,sqft_lot,floors,waterfront,view,condition,grade,sqft_above,sqft_basement,yr_built,yr_renovated,zipcode,lat,long,sqft_living15,price
4.0,2.5,2570.0,7173.0,2.0,0.0,0.0,3.0,8.0,2570.0,0.0,2005.0,0.0,98052.0,47.7073,-122.11,2630.0,71.9
3.0,2.25,1610.0,6655.0,2.0,0.0,0.0,4.0,7.0,1610.0,0.0,1985.0,0.0,98058.0,47.4296,-122.161,1780.0,35.8
3.0,2.0,1410.0,5760.0,1.0,0.0,0.0,3.0,7.0,1410.0,0.0,1985.0,0.0,98030.0,47.3702,-122.185,1670.0,24.5
4.0,1.0,1400.0,7242.0,1.5,0.0,0.0,3.0,7.0,1400.0,0.0,1959.0,0.0,98188.0,47.4339,-122.291,1310.0,23.8
2.0,1.75,1350.0,4003.0,1.0,0.0,0.0,3.0,8.0,1350.0,0.0,2004.0,0.0,98053.0,47.7176,-122.033,1350.0,43.0
2.0,2.5,1400.0,2958.0,2.0,0.0,0.0,3.0,8.0,1400.0,0.0,2007.0,0.0,98126.0,47.5496,-122.373,1540.0,37.25
3.0,1.75,1580.0,7000.0,1.0,0.0,0.0,3.0,7.0,1180.0,400.0,1976.0,0.0,98034.0,47.7209,-122.168,1640.0,37.0
2.0,1.0,1000.0,10320.0,1.0,0.0,0.0,3.0,6.0,1000.0,0.0,1943.0,0.0,98106.0,47.527,-122.356,1100.0,27.0
2.0,2.5,1230.0,1391.0,2.0,0.0,0.0,3.0,8.0,870.0,360.0,2004.0,0.0,98112.0,47.6192,-122.301,1240.0,49.0
3.0,1.0,1810.0,7200.0,1.0,0.0,0.0,4.0,7.0,1130.0,680.0,1954.0,0.0,98133.0,47.7493,-122.351,1810.0,43.1
3.0,2.75,2770.0,3809.0,1.5,0.0,0.0,5.0,7.0,1770.0,1000.0,1925.0,0.0,98144.0,47.5747,-122.304,1440.0,31.7625
5.0,2.5,2820.0,9375.0,1.0,0.0,0.0,4.0,8.0,1550.0,1270.0,1968.0,0.0,98006.0,47.5707,-122.128,2820.0,52.77
4.0,2.5,2780.0,10480.0,1.0,0.0,3.0,3.0,7.0,1390.0,1390.0,1967.0,0.0,98033.0,47.6597,-122.204,2860.0,99.0
4.0,1.0,1300.0,6030.0,1.5,0.0,0.0,3.0,6.0,1300.0,0.0,1947.0,0.0,98168.0,47.4778,-122.286,1240.0,17.5
3.0,2.5,3180.0,10492.0,2.0,0.0,2.0,3.0,10.0,3180.0,0.0,1991.0,0.0,98052.0,47.655,-122.124,3000.0,100.0
6.0,1.75,2240.0,11180.0,2.0,0.0,0.0,4.0,7.0,2240.0,0.0,1955.0,0.0,98198.0,47.42,-122.323,1590.0,27.9
3.0,1.0,1290.0,12231.0,1.0,0.0,0.0,3.0,7.0,1290.0,0.0,1976.0,0.0,98072.0,47.7404,-122.11,1390.0,32.3
3.0,1.75,1560.0,3000.0,1.0,0.0,0.0,4.0,6.0,770.0,790.0,1918.0,0.0,98103.0,47.6846,-122.345,1390.0,48.1
3.0,1.75,1410.0,9315.0,1.0,0.0,0.0,5.0,7.0,1410.0,0.0,1960.0,0.0,98031.0,47.3969,-122.198,1630.0,25.5
3.0,1.75,1490.0,7150.0,1.0,0.0,0.0,5.0,6.0,1490.0,0.0,1967.0,0.0,98059.0,47.5015,-122.124,1350.0,31.0
3.0,1.75,1920.0,3300.0,1.0,0.0,0.0,4.0,8.0,960.0,960.0,1913.0,0.0,98112.0,47.6239,-122.298,1740.0,72.5
4.0,2.5,2156.0,3562.0,2.0,0.0,0.0,3.0,9.0,2156.0,0.0,2012.0,0.0,98030.0,47.3591,-122.201,1708.0,34.75
4.0,2.5,2620.0,5450.0,2.0,0.0,0.0,3.0,9.0,2620.0,0.0,2001.0,0.0,98074.0,47.6301,-122.019,2590.0,64.8
3.0,2.5,2753.0,65005.0,1.0,1.0,2.0,5.0,9.0,2165.0,588.0,1953.0,0.0,98070.0,47.4041,-122.451,2680.0,135.0
5.0,2.5,3160.0,11470.0,1.0,0.0,0.0,4.0,9.0,1780.0,1380.0,1971.0,0.0,98040.0,47.5368,-122.216,3260.0,98.0
2.0,1.0,770.0,10000.0,1.0,0.0,0.0,3.0,6.0,770.0,0.0,1933.0,0.0,98028.0,47.7379,-122.233,2720.0,18.0
3.0,2.25,2120.0,18500.0,2.0,0.0,0.0,4.0,8.0,2120.0,0.0,1983.0,0.0,98031.0,47.3914,-122.169,2120.0,37.5
1.0,0.75,560.0,12120.0,1.0,0.0,0.0,3.0,4.0,560.0,0.0,1967.0,0.0,98014.0,47.675,-121.854,1300.0,29.9
3.0,2.0,1480.0,6698.0,1.0,0.0,0.0,4.0,7.0,1080.0,400.0,1979.0,0.0,98058.0,47.4614,-122.168,1850.0,30.0
4.0,1.75,1570.0,8268.0,1.0,0.0,0.0,3.0,7.0,1570.0,0.0,1979.0,0.0,98011.0,47.7373,-122.197,1870.0,45.2
4.0,2.5,2580.0,5823.0,2.0,0.0,0.0,3.0,8.0,2580.0,0.0,2002.0,0.0,98065.0,47.5374,-121.875,2380.0,55.225
2.0,1.0,740.0,6460.0,1.0,0.0,0.0,3.0,6.0,740.0,0.0,1953.0,0.0,98146.0,47.5077,-122.344,1170.0,17.85
3.0,2.5,1950.0,8130.0,2.0,0.0,0.0,4.0,9.0,1950.0,0.0,1990.0,0.0,98042.0,47.3875,-122.161,2350.0,32.85
2.0,1.0,1220.0,75794.0,1.0,0.0,0.0,4.0,7.0,1220.0,0.0,1963.0,0.0,98038.0,47.4219,-122.007,2010.0,30.0
3.0,1.0,1090.0,3000.0,1.5,0.0,0.0,4.0,8.0,1090.0,0.0,1929.0,0.0,98117.0,47.6889,-122.375,1570.0,53.5
2.0,1.5,1190.0,1265.0,3.0,0.0,0.0,3.0,7.0,1190.0,0.0,2005.0,0.0,98133.0,47.7274,-122.357,1390.0,28.0
4.0,2.75,2280.0,15347.0,1.0,0.0,0.0,5.0,7.0,2280.0,0.0,1960.0,0.0,98059.0,47.5218,-122.164,2280.0,50.0
4.0,2.0,1520.0,6174.0,1.5,0.0,0.0,5.0,6.0,1520.0,0.0,1920.0,0.0,98022.0,47.2105,-121.989,1390.0,21.0
3.0,2.5,2140.0,9897.0,1.0,0.0,0.0,4.0,8.0,2140.0,0.0,1959.0,0.0,98040.0,47.5505,-122.219,2680.0,79.9
2.0,1.0,1070.0,5000.0,1.0,0.0,0.0,3.0,7.0,1070.0,0.0,1924.0,0.0,98103.0,47.6666,-122.331,1710.0,64.0
4.0,3.0,1960.0,5000.0,1.0,0.0,0.0,5.0,7.0,1050.0,910.0,1965.0,0.0,98136.0,47.5208,-122.393,1360.0,60.4
3.0,1.0,910.0,8450.0,1.0,0.0,0.0,4.0,6.0,910.0,0.0,1962.0,0.0,98059.0,47.4787,-122.158,1400.0,27.425
3.0,1.75,1900.0,5000.0,1.0,0.0,0.0,5.0,7.0,950.0,950.0,1951.0,0.0,98116.0,47.5789,-122.393,1770.0,61.5
4.0,3.5,4270.0,40097.0,1.0,0.0,0.0,4.0,12.0,4270.0,0.0,1993.0,0.0,98077.0,47.7354,-122.078,3510.0,110.0
4.0,2.75,1800.0,7750.0,1.0,0.0,0.0,4.0,8.0,1400.0,400.0,1965.0,0.0,98177.0,47.7776,-122.384,1800.0,55.0
5.0,1.75,2030.0,12342.0,2.0,0.0,0.0,4.0,7.0,2030.0,0.0,1942.0,0.0,98052.0,47.6417,-122.109,2500.0,47.0
4.0,3.0,2290.0,8250.0,2.0,0.0,0.0,3.0,9.0,2290.0,0.0,1990.0,0.0,98042.0,47.3739,-122.156,2290.0,32.85
3.0,1.0,1040.0,5060.0,1.0,0.0,0.0,3.0,7.0,1040.0,0.0,1941.0,0.0,98116.0,47.5636,-122.394,890.0,48.0
3.0,1.0,960.0,6634.0,1.0,0.0,0.0,3.0,6.0,960.0,0.0,1952.0,0.0,98125.0,47.7264,-122.31,1570.0,31.5
5.0,2.25,2500.0,13500.0,1.0,0.0,0.0,3.0,7.0,1850.0,650.0,1979.0,0.0,98072.0,47.7564,-122.144,2300.0,46.7
2.0,1.0,2020.0,6720.0,1.0,0.0,0.0,3.0,7.0,1010.0,1010.0,1948.0,0.0,98118.0,47.5474,-122.291,1720.0,35.5
4.0,2.5,2160.0,8158.0,1.0,0.0,0.0,4.0,8.0,1660.0,500.0,1952.0,0.0,98115.0,47.6948,-122.328,1520.0,58.5
3.0,2.5,1800.0,5761.0,2.0,0.0,0.0,4.0,7.0,1800.0,0.0,1990.0,0.0,98106.0,47.5293,-122.363,1800.0,40.82
3.0,2.0,1230.0,1340.0,2.0,0.0,0.0,3.0,7.0,1020.0,210.0,2003.0,0.0,98106.0,47.526,-122.361,1260.0,20.9
3.0,2.5,2160.0,3000.0,1.5,0.0,0.0,3.0,7.0,1260.0,900.0,1909.0,2011.0,98118.0,47.5644,-122.289,1060.0,37.875
3.0,1.75,1510.0,10248.0,1.0,0.0,0.0,3.0,7.0,1510.0,0.0,1969.0,0.0,98023.0,47.2929,-122.371,1510.0,24.0
4.0,3.25,3180.0,194278.0,2.0,0.0,0.0,3.0,10.0,3180.0,0.0,2005.0,0.0,98059.0,47.4711,-122.084,2200.0,89.0
3.0,3.25,1570.0,1777.0,2.0,0.0,0.0,3.0,8.0,1260.0,310.0,2007.0,0.0,98107.0,47.6655,-122.369,1000.0,57.0
3.0,1.5,1340.0,8450.0,1.0,0.0,0.0,4.0,7.0,1340.0,0.0,1958.0,0.0,98188.0,47.4405,-122.28,1340.0,25.5
4.0,4.5,5420.0,101930.0,1.0,0.0,0.0,3.0,11.0,3890.0,1530.0,2001.0,0.0,98053.0,47.6561,-122.005,4760.0,123.0
3.0,2.25,1540.0,17424.0,2.0,0.0,0.0,3.0,7.0,1540.0,0.0,1992.0,0.0,98045.0,47.4429,-121.759,1560.0,31.5
1.0,0.75,430.0,5050.0,1.0,0.0,0.0,2.0,4.0,430.0,0.0,1912.0,0.0,98014.0,47.6499,-121.909,1200.0,8.0
4.0,1.5,1160.0,6400.0,1.0,0.0,0.0,4.0,7.0,1160.0,0.0,1975.0,0.0,98023.0,47.3036,-122.378,1160.0,19.9
3.0,1.0,1120.0,10701.0,1.0,0.0,0.0,3.0,7.0,1120.0,0.0,1954.0,0.0,98106.0,47.5544,-122.358,1130.0,28.5
4.0,1.0,1750.0,9600.0,1.5,0.0,0.0,4.0,7.0,1750.0,0.0,1954.0,0.0,98006.0,47.5759,-122.137,1750.0,42.0
2.0,1.0,1320.0,3090.0,1.0,0.0,0.0,4.0,7.0,1320.0,0.0,1908.0,0.0,98118.0,47.5517,-122.276,1270.0,38.1156
3.0,2.5,2100.0,4700.0,2.0,0.0,0.0,3.0,8.0,2100.0,0.0,1999.0,0.0,98065.0,47.5341,-121.867,2100.0,47.0
2.0,1.5,1380.0,209959.0,1.0,0.0,0.0,1.0,6.0,1380.0,0.0,1954.0,0.0,98011.0,47.7461,-122.195,3130.0,27.0
2.0,1.75,1330.0,6000.0,1.0,0.0,0.0,4.0,7.0,960.0,370.0,1914.0,1945.0,98199.0,47.6539,-122.396,1620.0,56.5
3.0,3.0,4040.0,14338.0,2.0,0.0,0.0,3.0,10.0,3030.0,1010.0,1986.0,0.0,98077.0,47.7268,-122.06,3360.0,95.0
4.0,1.5,1580.0,7350.0,1.0,0.0,0.0,4.0,7.0,960.0,620.0,1963.0,0.0,98052.0,47.6734,-122.154,1560.0,45.2
4.0,2.0,1570.0,9600.0,1.0,0.0,0.0,3.0,6.0,1570.0,0.0,1950.0,0.0,98168.0,47.4965,-122.303,1880.0,17.18
4.0,3.5,2970.0,14486.0,2.0,0.0,0.0,3.0,9.0,2340.0,630.0,1997.0,0.0,98040.0,47.5627,-122.215,3680.0,90.5
3.0,2.0,1810.0,7209.0,1.0,0.0,0.0,4.0,7.0,1240.0,570.0,1978.0,0.0,98032.0,47.3656,-122.278,1750.0,26.0
4.0,1.5,1690.0,11054.0,1.0,0.0,0.0,4.0,5.0,1690.0,0.0,1930.0,0.0,98055.0,47.4667,-122.215,1690.0,23.5
3.0,2.5,1890.0,6560.0,2.0,0.0,0.0,3.0,7.0,1890.0,0.0,2003.0,0.0,98038.0,47.3684,-122.031,2390.0,32.3
4.0,2.0,1970.0,6480.0,1.5,0.0,0.0,5.0,7.0,1130.0,840.0,1920.0,0.0,98108.0,47.5511,-122.312,1500.0,42.3
3.0,1.75,1440.0,7070.0,1.0,0.0,0.0,3.0,7.0,1440.0,0.0,1980.0,0.0,98052.0,47.6947,-122.125,1440.0,46.0
4.0,2.5,1900.0,5889.0,2.0,0.0,0.0,3.0,7.0,1900.0,0.0,1992.0,0.0,98038.0,47.349,-122.031,1870.0,36.0
4.0,1.0,2000.0,4800.0,2.0,0.0,0.0,4.0,7.0,2000.0,0.0,1911.0,0.0,98103.0,47.6583,-122.351,1260.0,71.5
3.0,2.5,3180.0,12600.0,2.0,0.0,0.0,4.0,11.0,3180.0,0.0,1978.0,0.0,98074.0,47.6366,-122.058,3030.0,90.0
4.0,2.0,1740.0,9000.0,1.0,0.0,0.0,5.0,8.0,1740.0,0.0,1958.0,0.0,98033.0,47.6815,-122.198,1850.0,71.0
6.0,2.5,4410.0,14034.0,1.0,0.0,2.0,4.0,9.0,2350.0,2060.0,1965.0,0.0,98003.0,47.3376,-122.324,2600.0,47.2
4.0,2.5,1890.0,15770.0,2.0,0.0,0.0,4.0,7.0,1890.0,0.0,1968.0,0.0,98166.0,47.4281,-122.343,2410.0,38.9999
3.0,2.25,1270.0,1566.0,2.0,0.0,0.0,3.0,8.0,1060.0,210.0,2014.0,0.0,98105.0,47.6647,-122.284,1160.0,62.5504
6.0,2.25,2660.0,13579.0,2.0,0.0,0.0,3.0,7.0,2660.0,0.0,1937.0,1990.0,98125.0,47.7142,-122.286,1120.0,45.2
3.0,2.5,2440.0,5750.0,2.0,0.0,2.0,3.0,9.0,1980.0,460.0,2000.0,0.0,98116.0,47.565,-122.381,1520.0,67.99
3.0,2.25,2590.0,9263.0,1.0,0.0,0.0,5.0,8.0,1440.0,1150.0,1977.0,0.0,98028.0,47.7691,-122.262,2580.0,52.0
4.0,2.25,1720.0,9753.0,1.0,0.0,0.0,4.0,7.0,1120.0,600.0,1978.0,0.0,98023.0,47.2922,-122.371,1510.0,26.495
5.0,1.0,1410.0,6750.0,1.5,0.0,0.0,3.0,6.0,1410.0,0.0,1929.0,0.0,98118.0,47.5453,-122.278,1360.0,43.5
4.0,1.75,1810.0,7480.0,1.0,0.0,0.0,3.0,7.0,1230.0,580.0,1977.0,0.0,98023.0,47.3275,-122.361,1870.0,26.0
4.0,2.5,3200.0,36276.0,2.0,0.0,0.0,3.0,9.0,3200.0,0.0,1993.0,0.0,98053.0,47.6304,-121.994,2930.0,73.75
2.0,1.0,1490.0,3825.0,1.0,0.0,0.0,3.0,7.0,860.0,630.0,1929.0,0.0,98117.0,47.6799,-122.381,1460.0,47.5
3.0,1.0,980.0,7000.0,1.0,0.0,0.0,3.0,6.0,980.0,0.0,1953.0,0.0,98133.0,47.7617,-122.357,1220.0,33.0
4.0,2.5,1820.0,7912.0,2.0,0.0,0.0,3.0,7.0,1820.0,0.0,1994.0,0.0,98038.0,47.3845,-122.029,1820.0,32.95
3.0,2.0,2270.0,28025.0,1.0,0.0,0.0,4.0,7.0,1920.0,350.0,1947.0,0.0,98168.0,47.4857,-122.318,1770.0,34.05
3.0,2.0,3660.0,22410.0,1.0,0.0,3.0,4.0,9.0,1830.0,1830.0,1947.0,0.0,98117.0,47.6972,-122.4,2680.0,120.0
4.0,2.0,1440.0,7680.0,1.0,0.0,0.0,3.0,7.0,1200.0,240.0,1971.0,0.0,98034.0,47.7245,-122.2,1460.0,39.7
3.0,1.5,1060.0,9711.0,1.0,0.0,0.0,3.0,7.0,1060.0,0.0,1963.0,0.0,98198.0,47.4095,-122.315,1650.0,29.185
3.0,1.0,1180.0,7669.0,1.0,0.0,0.0,4.0,7.0,1180.0,0.0,1967.0,0.0,98058.0,47.4479,-122.176,1190.0,21.5
4.0,2.5,1560.0,4350.0,2.0,0.0,0.0,3.0,7.0,1560.0,0.0,2003.0,0.0,98056.0,47.5025,-122.186,1560.0,28.0
3.0,1.5,1670.0,8230.0,1.0,0.0,0.0,5.0,7.0,1670.0,0.0,1954.0,0.0,98001.0,47.2613,-122.255,2077.0,22.795
3.0,3.0,2990.0,9773.0,2.0,0.0,0.0,4.0,8.0,2990.0,0.0,1973.0,0.0,98005.0,47.6344,-122.174,2230.0,84.995
3.0,2.5,2250.0,11632.0,2.0,0.0,0.0,3.0,8.0,2250.0,0.0,1988.0,0.0,98056.0,47.5272,-122.169,2360.0,53.8
4.0,2.5,2710.0,5880.0,2.0,0.0,0.0,3.0,9.0,2710.0,0.0,1998.0,0.0,98092.0,47.3314,-122.172,2520.0,37.0
3.0,2.5,3680.0,13384.0,2.0,0.0,0.0,3.0,10.0,3680.0,0.0,1994.0,0.0,98006.0,47.5484,-122.119,3600.0,103.0
4.0,2.0,2490.0,9525.0,2.0,0.0,0.0,5.0,9.0,2490.0,0.0,1968.0,0.0,98040.0,47.5639,-122.217,2770.0,94.0
3.0,2.5,1805.0,3402.0,2.0,0.0,0.0,3.0,7.0,1805.0,0.0,2009.0,0.0,98002.0,47.3521,-122.212,2095.0,26.6
4.0,2.0,2330.0,5000.0,1.5,0.0,0.0,5.0,7.0,1720.0,610.0,1925.0,0.0,98117.0,47.6804,-122.358,2090.0,89.1
5.0,2.75,2160.0,4000.0,1.5,0.0,0.0,5.0,7.0,1530.0,630.0,1927.0,0.0,98105.0,47.667,-122.289,2040.0,67.15
4.0,2.5,1840.0,9611.0,2.0,0.0,0.0,3.0,7.0,1840.0,0.0,1996.0,0.0,98178.0,47.4964,-122.251,1830.0,36.0
3.0,2.5,1780.0,7848.0,1.0,0.0,0.0,3.0,7.0,1320.0,460.0,1978.0,0.0,98038.0,47.3608,-122.056,1680.0,27.05
3.0,1.5,1820.0,10608.0,1.0,0.0,0.0,4.0,7.0,1820.0,0.0,1962.0,0.0,98003.0,47.3366,-122.306,1380.0,26.4
4.0,1.75,2480.0,14782.0,1.0,0.0,3.0,3.0,8.0,1460.0,1020.0,1958.0,0.0,98155.0,47.7646,-122.271,2910.0,55.0
5.0,2.5,2340.0,7200.0,1.0,0.0,0.0,3.0,7.0,1300.0,1040.0,1975.0,0.0,98034.0,47.7206,-122.211,1930.0,47.5
3.0,2.75,2360.0,16117.0,1.0,0.0,0.0,4.0,8.0,1710.0,650.0,1983.0,0.0,98006.0,47.5698,-122.121,2120.0,69.11
3.0,1.0,1430.0,15246.0,1.0,0.0,0.0,4.0,7.0,980.0,450.0,1961.0,0.0,98031.0,47.4075,-122.214,1960.0,23.5
3.0,1.0,1900.0,14400.0,1.0,0.0,0.0,4.0,7.0,1300.0,600.0,1954.0,0.0,98166.0,47.4147,-122.337,1940.0,31.5
3.0,1.75,1470.0,7650.0,1.0,0.0,0.0,3.0,7.0,1130.0,340.0,1983.0,0.0,98059.0,47.4818,-122.161,1590.0,32.8
4.0,2.5,2240.0,12032.0,1.0,0.0,0.0,3.0,9.0,2240.0,0.0,1983.0,0.0,98074.0,47.6143,-122.017,2520.0,59.25
4.0,2.5,3450.0,39683.0,2.0,0.0,0.0,3.0,10.0,3450.0,0.0,2002.0,0.0,98010.0,47.342,-122.025,3350.0,72.0
5.0,2.0,2260.0,12500.0,1.0,0.0,0.0,4.0,8.0,1130.0,1130.0,1960.0,0.0,98032.0,47.3887,-122.286,1360.0,25.8
3.0,2.5,1940.0,9000.0,1.0,0.0,0.0,4.0,7.0,970.0,970.0,1948.0,0.0,98117.0,47.6933,-122.393,2190.0,57.6
3.0,2.25,1270.0,2790.0,1.0,0.0,0.0,3.0,7.0,990.0,280.0,1970.0,0.0,98199.0,47.6581,-122.396,1920.0,54.35
4.0,2.0,1910.0,2874.0,1.0,0.0,0.0,3.0,7.0,1060.0,850.0,1910.0,0.0,98122.0,47.6101,-122.295,1520.0,49.3
3.0,1.0,1210.0,3328.0,1.5,0.0,0.0,4.0,7.0,1210.0,0.0,1924.0,0.0,98107.0,47.6729,-122.363,1640.0,52.9
3.0,1.75,2500.0,6840.0,1.0,0.0,0.0,3.0,8.0,1300.0,1200.0,1957.0,0.0,98125.0,47.7222,-122.32,1580.0,42.5
4.0,2.5,2160.0,7725.0,1.0,0.0,0.0,4.0,8.0,1460.0,700.0,1978.0,0.0,98023.0,47.3078,-122.378,2060.0,29.5
3.0,1.75,1450.0,12125.0,1.0,0.0,0.0,4.0,7.0,1450.0,0.0,1981.0,0.0,98001.0,47.3575,-122.28,1210.0,24.3
3.0,2.5,2010.0,2287.0,2.0,0.0,0.0,3.0,8.0,1390.0,620.0,2014.0,0.0,98029.0,47.5517,-121.998,1690.0,45.3246
4.0,2.0,1400.0,3600.0,1.0,0.0,0.0,3.0,7.0,1100.0,300.0,1900.0,0.0,98119.0,47.6385,-122.37,1630.0,48.5
5.0,1.75,1660.0,78408.0,1.5,0.0,0.0,3.0,6.0,1660.0,0.0,1915.0,0.0,98065.0,47.529,-121.837,1660.0,20.1
4.0,3.25,4670.0,51836.0,2.0,0.0,0.0,4.0,12.0,4670.0,0.0,1988.0,0.0,98005.0,47.635,-122.164,4230.0,158.0
4.0,2.25,3250.0,34293.0,2.0,0.0,0.0,4.0,9.0,3250.0,0.0,1983.0,0.0,98042.0,47.3496,-122.094,3110.0,48.0
3.0,1.0,1180.0,5650.0,1.0,0.0,0.0,3.0,7.0,1180.0,0.0,1955.0,0.0,98178.0,47.5112,-122.257,1340.0,22.19
3.0,2.0,2590.0,14052.0,1.0,0.0,0.0,5.0,8.0,1720.0,870.0,1948.0,0.0,98133.0,47.7357,-122.333,1570.0,48.7
3.0,1.75,1530.0,7245.0,1.0,0.0,0.0,4.0,7.0,1530.0,0.0,1984.0,0.0,98034.0,47.731,-122.191,1530.0,44.0
2.0,2.0,1070.0,649.0,2.0,0.0,0.0,3.0,9.0,720.0,350.0,2008.0,0.0,98106.0,47.5213,-122.357,1070.0,25.995
3.0,2.0,2920.0,13650.0,1.0,0.0,2.0,5.0,8.0,1460.0,1460.0,1975.0,0.0,98033.0,47.6652,-122.188,2920.0,79.5
4.0,3.25,4740.0,76230.0,2.0,0.0,0.0,3.0,10.0,4740.0,0.0,1987.0,0.0,98075.0,47.5931,-122.071,3340.0,97.0
3.0,1.5,1050.0,4590.0,1.0,0.0,0.0,3.0,7.0,850.0,200.0,1949.0,0.0,98115.0,47.6943,-122.29,1770.0,43.8924
4.0,2.5,1820.0,6753.0,2.0,0.0,0.0,3.0,7.0,1820.0,0.0,1994.0,0.0,98038.0,47.3845,-122.032,1820.0,32.25
3.0,1.5,1340.0,7912.0,1.5,0.0,0.0,3.0,7.0,1340.0,0.0,1955.0,0.0,98133.0,47.7658,-122.339,1480.0,31.3
4.0,2.75,2750.0,17789.0,1.5,0.0,0.0,3.0,8.0,1980.0,770.0,1914.0,1992.0,98004.0,47.6141,-122.212,3060.0,145.0
4.0,2.5,3840.0,16619.0,2.0,0.0,1.0,4.0,10.0,3840.0,0.0,1983.0,0.0,98040.0,47.5634,-122.213,3600.0,112.0
2.0,1.0,950.0,3960.0,1.0,0.0,0.0,3.0,7.0,950.0,0.0,1941.0,0.0,98103.0,47.6885,-122.337,1320.0,48.2
3.0,1.75,1790.0,9813.0,2.0,0.0,0.0,3.0,7.0,1790.0,0.0,1949.0,0.0,98155.0,47.749,-122.305,1520.0,45.1
1.0,1.5,1010.0,1157.0,2.0,0.0,0.0,3.0,8.0,950.0,60.0,2007.0,0.0,98126.0,47.5492,-122.372,1360.0,20.0
4.0,2.5,1980.0,7403.0,2.0,0.0,0.0,3.0,7.0,1980.0,0.0,1988.0,0.0,98023.0,47.2897,-122.372,1980.0,24.35
3.0,2.25,1580.0,47916.0,1.0,0.0,0.0,3.0,7.0,1580.0,0.0,1979.0,0.0,98024.0,47.5583,-121.852,1980.0,35.0
4.0,3.0,2380.0,5125.0,1.5,0.0,0.0,4.0,7.0,1680.0,700.0,1925.0,0.0,98126.0,47.5384,-122.376,1410.0,47.0
3.0,1.75,1080.0,1306.0,1.0,0.0,0.0,3.0,7.0,580.0,500.0,1954.0,2003.0,98199.0,47.6601,-122.4,1440.0,33.1
5.0,2.5,1710.0,7700.0,1.5,0.0,0.0,3.0,7.0,1710.0,0.0,1962.0,0.0,98007.0,47.5922,-122.146,1530.0,43.165
5.0,2.25,3200.0,20158.0,1.0,0.0,0.0,3.0,8.0,1600.0,1600.0,1965.0,0.0,98004.0,47.6303,-122.215,3390.0,133.0
4.0,1.75,2950.0,9025.0,1.0,0.0,2.0,4.0,8.0,1780.0,1170.0,1975.0,0.0,98034.0,47.7128,-122.223,2120.0,63.0
4.0,2.25,2010.0,9603.0,1.0,0.0,0.0,3.0,8.0,1440.0,570.0,1986.0,0.0,98027.0,47.5343,-122.054,2060.0,66.05
4.0,5.0,4550.0,18641.0,1.0,1.0,4.0,3.0,10.0,2600.0,1950.0,2002.0,0.0,98074.0,47.6053,-122.077,4550.0,308.0
2.0,1.0,940.0,5120.0,1.0,0.0,0.0,3.0,7.0,940.0,0.0,1909.0,0.0,98122.0,47.6073,-122.308,1300.0,37.5
3.0,2.5,3030.0,45004.0,2.0,0.0,0.0,3.0,9.0,3030.0,0.0,1987.0,0.0,98077.0,47.7721,-122.093,3080.0,27.4975
4.0,2.25,2030.0,8517.0,1.0,0.0,0.0,4.0,8.0,1380.0,650.0,1961.0,0.0,98006.0,47.5495,-122.174,2230.0,50.0
3.0,2.5,2280.0,10255.0,2.0,0.0,0.0,4.0,8.0,2280.0,0.0,1985.0,0.0,98058.0,47.4334,-122.161,2310.0,38.0
3.0,2.5,2720.0,6439.0,2.0,0.0,0.0,3.0,9.0,2720.0,0.0,2005.0,0.0,98065.0,47.5422,-121.86,3180.0,61.9
3.0,1.75,1320.0,17390.0,1.0,0.0,0.0,4.0,7.0,1320.0,0.0,1956.0,0.0,98003.0,47.3257,-122.296,1550.0,19.9
3.0,4.5,3970.0,24920.0,2.0,0.0,2.0,3.0,10.0,3260.0,710.0,1977.0,1999.0,98034.0,47.7183,-122.258,2610.0,145.0
3.0,2.0,2020.0,38332.0,1.0,0.0,0.0,4.0,7.0,1010.0,1010.0,1975.0,0.0,98027.0,47.4582,-122.023,2110.0,42.0
3.0,1.75,1520.0,6380.0,1.0,0.0,0.0,3.0,7.0,790.0,730.0,1948.0,0.0,98115.0,47.695,-122.304,1520.0,43.8
2.0,2.0,1100.0,3000.0,1.5,0.0,0.0,3.0,7.0,1100.0,0.0,1912.0,2005.0,98117.0,47.6797,-122.362,1390.0,45.0
3.0,2.5,2180.0,7508.0,1.0,0.0,0.0,4.0,7.0,1420.0,760.0,1962.0,0.0,98133.0,47.7606,-122.336,1900.0,40.0
4.0,2.5,2120.0,13780.0,2.0,0.0,0.0,3.0,8.0,2120.0,0.0,1993.0,0.0,98146.0,47.4987,-122.365,1880.0,40.395
3.0,2.5,1520.0,1304.0,2.0,0.0,0.0,3.0,8.0,1180.0,340.0,2006.0,0.0,98136.0,47.5446,-122.385,1270.0,43.8
3.0,2.0,1370.0,8336.0,1.0,0.0,0.0,5.0,7.0,1370.0,0.0,1964.0,0.0,98133.0,47.7458,-122.331,1770.0,37.15
2.0,1.0,1060.0,5703.0,1.0,0.0,2.0,4.0,6.0,1060.0,0.0,1946.0,0.0,98198.0,47.3444,-122.327,2240.0,32.5
2.0,1.0,1110.0,3200.0,1.0,0.0,0.0,3.0,7.0,1110.0,0.0,1925.0,0.0,98119.0,47.6338,-122.358,1170.0,66.5
4.0,2.5,3880.0,35003.0,2.0,0.0,0.0,3.0,10.0,2570.0,1310.0,1984.0,0.0,98033.0,47.6477,-122.182,3740.0,91.75
3.0,2.25,1715.0,6819.0,2.0,0.0,0.0,3.0,7.0,1715.0,0.0,1995.0,0.0,98003.0,47.3097,-122.327,2238.0,25.75
4.0,2.5,2940.0,6000.0,2.0,0.0,0.0,3.0,8.0,2940.0,0.0,2000.0,0.0,98011.0,47.7533,-122.198,2510.0,56.0
2.0,1.0,630.0,6550.0,1.0,0.0,0.0,3.0,5.0,630.0,0.0,1918.0,0.0,98126.0,47.5486,-122.38,1420.0,31.5
4.0,2.5,2380.0,5000.0,2.0,0.0,0.0,3.0,8.0,2380.0,0.0,2005.0,0.0,98038.0,47.3608,-122.036,2420.0,36.0
3.0,1.75,1420.0,8738.0,1.0,0.0,0.0,4.0,7.0,1420.0,0.0,1966.0,0.0,98002.0,47.3113,-122.207,1660.0,23.4
4.0,2.25,2220.0,36085.0,2.0,0.0,0.0,3.0,9.0,2220.0,0.0,1989.0,0.0,98075.0,47.5839,-121.991,3000.0,62.5
3.0,3.5,3830.0,221284.0,2.0,0.0,0.0,3.0,10.0,3530.0,300.0,1993.0,0.0,98077.0,47.7641,-122.023,2920.0,80.0
4.0,2.5,3670.0,315374.0,2.0,0.0,0.0,4.0,9.0,3670.0,0.0,1994.0,0.0,98077.0,47.7421,-122.026,2840.0,92.15
4.0,3.5,3550.0,11000.0,1.0,0.0,2.0,3.0,11.0,2260.0,1290.0,1999.0,0.0,98006.0,47.5506,-122.134,4100.0,136.0
3.0,1.5,2480.0,5280.0,1.5,0.0,0.0,5.0,7.0,1620.0,860.0,1947.0,0.0,98108.0,47.5575,-122.303,2090.0,47.5
4.0,2.5,2760.0,6440.0,2.0,0.0,0.0,3.0,10.0,2760.0,0.0,1999.0,0.0,98075.0,47.5836,-122.026,3070.0,68.6
3.0,2.25,2380.0,11824.0,1.0,0.0,0.0,4.0,9.0,1450.0,930.0,1972.0,0.0,98040.0,47.5371,-122.218,2750.0,80.0
4.0,2.5,3180.0,5438.0,2.0,0.0,0.0,3.0,9.0,3180.0,0.0,2003.0,0.0,98065.0,47.5416,-121.864,3030.0,65.0
3.0,3.5,3950.0,111078.0,1.5,0.0,0.0,3.0,9.0,2460.0,1490.0,1989.0,0.0,98052.0,47.697,-122.072,2480.0,78.4
4.0,1.75,2060.0,9828.0,1.0,0.0,0.0,4.0,8.0,2060.0,0.0,1960.0,0.0,98005.0,47.5867,-122.174,2260.0,64.0
3.0,1.0,1200.0,10800.0,1.0,0.0,0.0,4.0,7.0,1200.0,0.0,1955.0,0.0,98006.0,47.5771,-122.144,1370.0,39.0
5.0,3.0,4090.0,12850.0,1.0,0.0,2.0,4.0,10.0,2090.0,2000.0,1986.0,0.0,98033.0,47.6627,-122.188,2540.0,110.0
4.0,2.25,4220.0,24186.0,1.0,0.0,0.0,3.0,8.0,2600.0,1620.0,1984.0,0.0,98166.0,47.445,-122.347,2410.0,77.5
5.0,2.5,2830.0,25958.0,1.0,0.0,1.0,5.0,8.0,1610.0,1220.0,1979.0,0.0,98075.0,47.5896,-122.083,2670.0,70.0
4.0,2.5,3140.0,28037.0,2.0,0.0,0.0,4.0,10.0,3140.0,0.0,1991.0,0.0,98077.0,47.7304,-122.082,2990.0,68.0
3.0,2.25,2110.0,13300.0,2.0,0.0,0.0,4.0,8.0,2110.0,0.0,1985.0,0.0,98038.0,47.3725,-122.06,2470.0,37.0
4.0,2.5,2250.0,4495.0,2.0,0.0,0.0,3.0,7.0,2250.0,0.0,2008.0,0.0,98042.0,47.3663,-122.114,2250.0,29.25
3.0,3.25,1510.0,2000.0,2.0,0.0,0.0,3.0,9.0,1330.0,180.0,2001.0,0.0,98116.0,47.5815,-122.402,1510.0,65.0
2.0,1.0,1420.0,5332.0,1.0,0.0,0.0,3.0,8.0,1070.0,350.0,1953.0,0.0,98105.0,47.6694,-122.275,2400.0,64.1
2.0,2.25,3950.0,3938.0,2.0,0.0,4.0,3.0,10.0,2910.0,1040.0,1991.0,0.0,98116.0,47.5912,-122.384,3220.0,131.0
2.0,1.0,850.0,2340.0,1.0,0.0,0.0,3.0,7.0,850.0,0.0,1922.0,0.0,98105.0,47.6707,-122.328,1300.0,55.35
3.0,2.25,2450.0,6500.0,2.0,0.0,0.0,4.0,8.0,2450.0,0.0,1985.0,0.0,98030.0,47.3739,-122.172,2200.0,32.9
4.0,2.5,1850.0,7324.0,2.0,0.0,0.0,3.0,8.0,1850.0,0.0,1997.0,0.0,98042.0,47.3701,-122.107,2100.0,32.5
4.0,2.5,1970.0,5106.0,2.0,0.0,0.0,3.0,8.0,1970.0,0.0,1999.0,0.0,98055.0,47.449,-122.205,2230.0,34.69
2.0,1.5,1360.0,1898.0,2.0,0.0,0.0,3.0,7.0,1360.0,0.0,1978.0,0.0,98092.0,47.2852,-122.19,1360.0,20.0
3.0,1.0,1250.0,9775.0,1.0,0.0,0.0,3.0,7.0,1250.0,0.0,1971.0,0.0,98045.0,47.4474,-121.771,1390.0,17.5
4.0,2.5,2900.0,23488.0,2.0,0.0,0.0,3.0,9.0,2900.0,0.0,1992.0,0.0,98053.0,47.6726,-122.03,2900.0,69.0
4.0,2.5,1860.0,6687.0,1.0,0.0,0.0,4.0,7.0,1220.0,640.0,1983.0,0.0,98031.0,47.4046,-122.186,1860.0,28.84
3.0,1.75,1420.0,8250.0,1.0,0.0,0.0,3.0,7.0,1420.0,0.0,1954.0,0.0,98133.0,47.7535,-122.354,1740.0,26.5
5.0,2.5,3150.0,9134.0,1.0,0.0,0.0,4.0,8.0,1640.0,1510.0,1966.0,0.0,98056.0,47.4934,-122.189,1990.0,34.5
3.0,1.0,1190.0,5100.0,1.0,0.0,0.0,4.0,7.0,1030.0,160.0,1941.0,0.0,98136.0,47.5346,-122.385,1690.0,44.2
3.0,1.0,1980.0,39150.0,1.5,0.0,0.0,3.0,6.0,1580.0,400.0,1932.0,0.0,98030.0,47.3818,-122.225,1860.0,30.8
3.0,2.0,1440.0,9220.0,1.0,0.0,0.0,3.0,7.0,1440.0,0.0,1965.0,0.0,98198.0,47.3702,-122.317,1390.0,25.0
3.0,1.75,1590.0,8219.0,1.5,0.0,0.0,5.0,6.0,970.0,620.0,1938.0,0.0,98034.0,47.7146,-122.217,2030.0,40.0
1.0,0.75,760.0,10079.0,1.0,1.0,4.0,5.0,5.0,760.0,0.0,1936.0,0.0,98070.0,47.4683,-122.438,1230.0,36.99
2.0,2.0,1130.0,5500.0,1.0,0.0,0.0,4.0,6.0,1130.0,0.0,1941.0,0.0,98030.0,47.3839,-122.225,1320.0,25.0
4.0,2.5,2340.0,8548.0,2.0,0.0,0.0,3.0,8.0,2340.0,0.0,1993.0,0.0,98031.0,47.4206,-122.183,1970.0,39.0
4.0,2.5,3190.0,7399.0,2.0,0.0,0.0,3.0,10.0,3190.0,0.0,2006.0,0.0,98038.0,47.3558,-122.004,3250.0,60.99
4.0,2.25,1900.0,8600.0,1.0,0.0,0.0,4.0,8.0,1900.0,0.0,1975.0,0.0,98023.0,47.3102,-122.381,2120.0,27.0
4.0,2.25,4760.0,8036.0,2.5,0.0,0.0,5.0,9.0,3390.0,1370.0,1916.0,0.0,98112.0,47.6415,-122.285,2950.0,225.0
3.0,2.0,1260.0,5460.0,1.0,0.0,0.0,3.0,7.0,1260.0,0.0,1972.0,0.0,98034.0,47.7355,-122.18,1510.0,50.5
2.0,1.0,1200.0,9850.0,1.0,0.0,0.0,4.0,7.0,1200.0,0.0,1921.0,0.0,98002.0,47.3089,-122.21,1060.0,18.9
4.0,1.75,1710.0,7140.0,1.0,0.0,0.0,5.0,7.0,1010.0,700.0,1968.0,0.0,98032.0,47.3745,-122.275,1770.0,25.0
3.0,1.5,1350.0,6000.0,1.0,0.0,2.0,3.0,7.0,900.0,450.0,1950.0,0.0,98136.0,47.5275,-122.391,1730.0,52.5
3.0,1.0,1180.0,3400.0,1.5,0.0,0.0,3.0,8.0,1180.0,0.0,1907.0,0.0,98109.0,47.6376,-122.353,1440.0,61.0
3.0,2.5,1490.0,2138.0,2.0,0.0,0.0,3.0,7.0,1490.0,0.0,2005.0,0.0,98055.0,47.4324,-122.197,1490.0,23.7
4.0,2.5,3520.0,15420.0,2.0,0.0,0.0,3.0,10.0,3520.0,0.0,1991.0,0.0,98074.0,47.6375,-122.016,3400.0,81.0
3.0,1.5,1680.0,8712.0,1.0,0.0,0.0,3.0,8.0,1680.0,0.0,1964.0,0.0,98059.0,47.4811,-122.149,1850.0,35.6
3.0,1.75,1260.0,8400.0,1.0,0.0,0.0,3.0,7.0,1260.0,0.0,1954.0,0.0,98148.0,47.4366,-122.335,1290.0,28.9
3.0,2.0,2050.0,13303.0,1.0,0.0,0.0,3.0,8.0,2050.0,0.0,1993.0,0.0,98003.0,47.2681,-122.31,2180.0,31.45
3.0,1.0,1700.0,11390.0,1.0,0.0,0.0,4.0,7.0,1700.0,0.0,1967.0,0.0,98003.0,47.3271,-122.323,1350.0,21.0
4.0,2.5,2720.0,8666.0,2.0,0.0,0.0,3.0,9.0,2720.0,0.0,1992.0,0.0,98030.0,47.3846,-122.169,2410.0,37.0
3.0,2.5,1640.0,29970.0,2.0,0.0,0.0,3.0,7.0,1640.0,0.0,1992.0,0.0,98053.0,47.6359,-121.974,1580.0,46.3
4.0,1.5,1550.0,19800.0,1.0,0.0,0.0,4.0,7.0,1050.0,500.0,1969.0,0.0,98001.0,47.3117,-122.27,1640.0,25.2
3.0,2.5,2260.0,3640.0,2.0,0.0,0.0,3.0,8.0,2260.0,0.0,1994.0,0.0,98072.0,47.7356,-122.157,2350.0,49.65
4.0,2.5,2210.0,49375.0,1.0,0.0,0.0,3.0,8.0,2210.0,0.0,1997.0,0.0,98038.0,47.3828,-122.071,2670.0,45.5
3.0,1.0,1430.0,19901.0,1.5,0.0,0.0,4.0,7.0,1430.0,0.0,1927.0,0.0,98028.0,47.7558,-122.229,1780.0,31.0
4.0,3.0,2440.0,9600.0,2.0,0.0,0.0,5.0,7.0,2440.0,0.0,1961.0,0.0,98034.0,47.7044,-122.2,2290.0,58.9
4.0,2.75,2440.0,69415.0,1.0,0.0,0.0,4.0,8.0,1910.0,530.0,1989.0,0.0,98075.0,47.5944,-122.042,2770.0,78.5
4.0,2.0,1920.0,4822.0,1.0,0.0,0.0,2.0,6.0,920.0,1000.0,1914.0,0.0,98136.0,47.5507,-122.381,1120.0,20.0
3.0,2.25,1820.0,8814.0,1.0,0.0,0.0,3.0,7.0,1280.0,540.0,1967.0,0.0,98125.0,47.7162,-122.309,1810.0,42.5
3.0,2.25,2220.0,16020.0,1.0,0.0,0.0,4.0,8.0,1780.0,440.0,1966.0,0.0,98030.0,47.3758,-122.217,2080.0,32.5
5.0,3.0,2560.0,5445.0,1.5,0.0,0.0,4.0,7.0,1760.0,800.0,1927.0,0.0,98108.0,47.5502,-122.311,1080.0,44.2
3.0,1.75,1330.0,5000.0,2.0,0.0,0.0,4.0,7.0,1210.0,120.0,1909.0,0.0,98116.0,47.5724,-122.384,1500.0,53.25
3.0,2.0,2150.0,5400.0,1.5,0.0,0.0,4.0,7.0,1380.0,770.0,1911.0,0.0,98126.0,47.555,-122.379,1940.0,59.75
4.0,2.5,3350.0,29242.0,2.0,0.0,0.0,3.0,11.0,3350.0,0.0,1988.0,0.0,98052.0,47.7197,-122.131,3920.0,91.0
2.0,2.25,2130.0,4920.0,1.5,0.0,4.0,4.0,7.0,1530.0,600.0,1941.0,0.0,98116.0,47.573,-122.409,2130.0,73.0
3.0,2.5,2690.0,11575.0,1.0,0.0,3.0,3.0,8.0,2130.0,560.0,1957.0,0.0,98028.0,47.7605,-122.267,2390.0,65.0
5.0,2.75,1970.0,5400.0,1.0,0.0,0.0,3.0,7.0,1320.0,650.0,1986.0,0.0,98144.0,47.5868,-122.308,1280.0,39.995
3.0,1.75,1300.0,9079.0,1.0,0.0,0.0,3.0,7.0,1300.0,0.0,1986.0,0.0,98059.0,47.4834,-122.159,1890.0,33.1
4.0,1.75,1800.0,4180.0,2.0,0.0,3.0,4.0,8.0,1800.0,0.0,1921.0,0.0,98102.0,47.6462,-122.318,2180.0,86.5
3.0,1.75,1510.0,15744.0,1.0,0.0,0.0,3.0,7.0,1510.0,0.0,1985.0,0.0,98045.0,47.476,-121.755,1470.0,33.0
4.0,2.5,3300.0,10514.0,2.0,0.0,0.0,3.0,10.0,3300.0,0.0,1984.0,0.0,98074.0,47.6323,-122.036,2820.0,78.5
4.0,2.75,3300.0,12090.0,2.0,0.0,0.0,3.0,8.0,3300.0,0.0,1953.0,0.0,98004.0,47.6294,-122.218,3180.0,92.7
3.0,2.75,1910.0,7280.0,1.0,0.0,0.0,3.0,7.0,1160.0,750.0,1979.0,0.0,98034.0,47.7319,-122.224,1710.0,44.1
4.0,2.0,2010.0,7312.0,1.0,0.0,0.0,4.0,7.0,2010.0,0.0,1976.0,0.0,98002.0,47.2785,-122.213,2010.0,25.0
2.0,1.0,890.0,3060.0,1.0,0.0,0.0,3.0,7.0,770.0,120.0,1910.0,0.0,98105.0,47.6663,-122.326,1760.0,54.2
5.0,2.5,3200.0,17204.0,1.0,0.0,0.0,3.0,7.0,2160.0,1040.0,1952.0,0.0,98004.0,47.6209,-122.222,4090.0,127.0
4.0,3.25,3160.0,5000.0,2.0,0.0,0.0,5.0,9.0,2360.0,800.0,1965.0,0.0,98105.0,47.6597,-122.274,2220.0,125.0
4.0,2.5,3230.0,7331.0,2.0,0.0,0.0,3.0,10.0,3230.0,0.0,2004.0,0.0,98075.0,47.5823,-121.97,3480.0,73.0
3.0,2.5,2990.0,32239.0,2.0,0.0,0.0,4.0,8.0,2990.0,0.0,1978.0,0.0,98077.0,47.7718,-122.095,2990.0,63.2925
3.0,1.75,1790.0,50529.0,1.0,0.0,0.0,5.0,7.0,1090.0,700.0,1965.0,0.0,98042.0,47.3511,-122.073,1940.0,34.9
3.0,1.75,2080.0,5969.0,1.0,0.0,2.0,3.0,7.0,1080.0,1000.0,1971.0,0.0,98108.0,47.5474,-122.295,2090.0,32.995
4.0,3.0,3590.0,8249.0,2.0,0.0,0.0,3.0,9.0,3590.0,0.0,1997.0,0.0,98023.0,47.2846,-122.341,2860.0,51.5
3.0,2.0,1010.0,7380.0,1.0,0.0,0.0,3.0,7.0,1010.0,0.0,1982.0,0.0,98074.0,47.6273,-122.062,1650.0,38.5
4.0,1.0,1550.0,7620.0,1.5,0.0,0.0,3.0,7.0,1550.0,0.0,1957.0,0.0,98106.0,47.5287,-122.35,1450.0,34.5
3.0,1.0,1210.0,33919.0,1.0,0.0,0.0,3.0,7.0,1210.0,0.0,1954.0,0.0,98058.0,47.4375,-122.184,1640.0,29.0
4.0,2.5,3230.0,16171.0,2.0,0.0,3.0,3.0,9.0,2520.0,710.0,2001.0,0.0,98001.0,47.3183,-122.253,2640.0,48.0
4.0,2.25,2200.0,9351.0,1.0,0.0,0.0,5.0,7.0,1290.0,910.0,1962.0,0.0,98133.0,47.7448,-122.333,1910.0,42.3
2.0,2.0,1240.0,9119.0,1.0,0.0,0.0,4.0,7.0,1240.0,0.0,1952.0,0.0,98004.0,47.6221,-122.193,1380.0,72.75
3.0,3.0,1970.0,20978.0,2.0,1.0,3.0,4.0,9.0,1770.0,200.0,1980.0,0.0,98070.0,47.3844,-122.438,2280.0,70.5
4.0,3.5,2840.0,40139.0,1.0,0.0,4.0,4.0,10.0,2840.0,0.0,1986.0,0.0,98038.0,47.401,-122.026,3180.0,84.0
3.0,1.0,1200.0,10500.0,1.0,0.0,0.0,3.0,7.0,1200.0,0.0,1962.0,0.0,98023.0,47.322,-122.351,1350.0,15.3
3.0,2.5,1320.0,2614.0,2.0,0.0,0.0,3.0,7.0,1320.0,0.0,2005.0,0.0,98118.0,47.5355,-122.283,1320.0,30.0
2.0,1.75,1030.0,1066.0,2.0,0.0,0.0,3.0,7.0,765.0,265.0,2006.0,0.0,98136.0,47.5394,-122.387,1030.0,33.5
3.0,2.75,2930.0,5569.0,1.0,0.0,0.0,3.0,9.0,1860.0,1070.0,2004.0,0.0,98072.0,47.7648,-122.164,2580.0,55.99
4.0,1.0,1500.0,6388.0,1.5,0.0,0.0,4.0,7.0,1500.0,0.0,1951.0,0.0,98126.0,47.5303,-122.378,980.0,39.9
3.0,1.75,1660.0,16275.0,2.0,0.0,0.0,3.0,7.0,1660.0,0.0,1990.0,0.0,98014.0,47.6903,-121.915,1520.0,34.2
3.0,2.25,1560.0,35026.0,1.0,0.0,0.0,3.0,7.0,1290.0,270.0,1985.0,0.0,98092.0,47.3023,-122.069,1660.0,29.99
4.0,2.75,3550.0,13938.0,1.0,0.0,0.0,5.0,8.0,2100.0,1450.0,1966.0,0.0,98188.0,47.425,-122.283,2050.0,46.9
4.0,2.5,1780.0,3600.0,2.0,0.0,0.0,3.0,7.0,1780.0,0.0,2006.0,0.0,98038.0,47.3665,-122.017,2020.0,29.6
3.0,2.0,1870.0,3388.0,1.0,0.0,0.0,4.0,8.0,1230.0,640.0,1925.0,0.0,98199.0,47.6372,-122.395,1780.0,65.0
3.0,1.5,1580.0,5000.0,1.0,0.0,0.0,3.0,8.0,1290.0,290.0,1939.0,0.0,98117.0,47.687,-122.386,1570.0,70.0
2.0,1.0,1160.0,6000.0,1.0,0.0,0.0,4.0,7.0,860.0,300.0,1942.0,0.0,98115.0,47.69,-122.292,1330.0,46.8
5.0,2.25,2720.0,8800.0,1.0,0.0,0.0,4.0,7.0,1500.0,1220.0,1958.0,0.0,98008.0,47.5976,-122.118,2110.0,53.0
3.0,1.5,1010.0,9600.0,1.0,0.0,0.0,4.0,7.0,1010.0,0.0,1962.0,0.0,98198.0,47.4097,-122.316,1400.0,16.0
3.0,1.0,1570.0,2280.0,2.0,0.0,0.0,3.0,7.0,1570.0,0.0,1922.0,0.0,98119.0,47.6413,-122.364,1580.0,68.5
5.0,2.75,3595.0,5639.0,2.0,0.0,0.0,3.0,9.0,3595.0,0.0,2014.0,0.0,98053.0,47.6848,-122.016,3625.0,86.199
3.0,2.25,2370.0,10289.0,1.0,0.0,0.0,4.0,9.0,1590.0,780.0,1977.0,0.0,98005.0,47.592,-122.166,2500.0,79.0
4.0,2.5,2680.0,4499.0,2.0,0.0,0.0,3.0,9.0,2680.0,0.0,1999.0,0.0,98006.0,47.565,-122.125,2920.0,80.71
3.0,2.75,3080.0,19635.0,1.0,0.0,2.0,4.0,7.0,1610.0,1470.0,1958.0,0.0,98032.0,47.3841,-122.284,2424.0,29.9
3.0,1.0,1530.0,8498.0,1.0,0.0,0.0,3.0,7.0,1530.0,0.0,1959.0,0.0,98031.0,47.404,-122.203,1380.0,14.75
3.0,2.5,3370.0,14402.0,2.0,0.0,2.0,3.0,9.0,3370.0,0.0,2004.0,0.0,98045.0,47.5008,-121.776,3330.0,59.5
5.0,3.5,3750.0,9612.0,1.0,0.0,2.0,4.0,9.0,2030.0,1720.0,1981.0,0.0,98006.0,47.5511,-122.157,3270.0,94.25
3.0,2.5,2070.0,13241.0,1.5,0.0,0.0,5.0,9.0,1270.0,800.0,1910.0,0.0,98102.0,47.6415,-122.315,2200.0,85.083
5.0,1.75,2190.0,27260.0,1.0,0.0,0.0,4.0,7.0,2190.0,0.0,1947.0,1974.0,98166.0,47.4546,-122.337,1620.0,31.0
3.0,1.5,1950.0,7560.0,1.0,0.0,2.0,4.0,7.0,1320.0,630.0,1975.0,0.0,98022.0,47.1976,-121.999,1950.0,26.995
3.0,1.0,940.0,7980.0,1.0,0.0,0.0,4.0,7.0,940.0,0.0,1960.0,0.0,98032.0,47.3838,-122.289,1150.0,20.5
4.0,1.75,2085.0,174240.0,1.0,0.0,0.0,3.0,7.0,1610.0,475.0,1964.0,0.0,98024.0,47.5753,-121.95,2690.0,56.35
3.0,1.75,1830.0,4160.0,1.0,0.0,0.0,3.0,7.0,1230.0,600.0,1919.0,0.0,98144.0,47.5962,-122.288,1950.0,64.245
4.0,2.25,1800.0,9350.0,1.0,0.0,0.0,3.0,8.0,1800.0,0.0,1969.0,0.0,98092.0,47.2959,-122.191,2060.0,22.5
3.0,2.0,1440.0,7187.0,1.0,0.0,0.0,4.0,7.0,970.0,470.0,1981.0,0.0,98023.0,47.291,-122.368,1440.0,22.2
3.0,1.0,1220.0,4800.0,1.0,0.0,0.0,3.0,6.0,1220.0,0.0,1901.0,0.0,98122.0,47.6101,-122.307,1200.0,38.5
2.0,1.0,1220.0,10000.0,1.0,0.0,0.0,5.0,7.0,1220.0,0.0,1950.0,0.0,98028.0,47.7405,-122.241,2000.0,33.0
4.0,2.25,2500.0,10062.0,1.0,0.0,0.0,3.0,8.0,1600.0,900.0,1975.0,0.0,98052.0,47.639,-122.1,2500.0,61.5
4.0,1.0,1330.0,7980.0,1.5,0.0,0.0,3.0,6.0,1330.0,0.0,1952.0,0.0,98168.0,47.492,-122.333,1570.0,24.995
4.0,2.0,2208.0,5000.0,3.0,0.0,0.0,5.0,8.0,2208.0,0.0,1917.0,0.0,98116.0,47.5711,-122.383,1760.0,65.0
4.0,1.0,1420.0,4875.0,1.5,0.0,0.0,3.0,7.0,1420.0,0.0,1930.0,0.0,98115.0,47.6942,-122.321,1110.0,40.0
4.0,2.25,2550.0,7800.0,1.0,0.0,0.0,3.0,8.0,1580.0,970.0,1968.0,0.0,98052.0,47.6283,-122.095,2420.0,56.0
4.0,1.0,1980.0,4560.0,1.5,0.0,0.0,3.0,7.0,1980.0,0.0,1920.0,0.0,98103.0,47.6606,-122.331,1810.0,70.0
3.0,1.75,2150.0,4200.0,1.0,0.0,4.0,5.0,8.0,1140.0,1010.0,1960.0,0.0,98116.0,47.5671,-122.405,2510.0,95.0
3.0,1.75,1580.0,11455.0,1.0,0.0,0.0,4.0,7.0,1200.0,380.0,1974.0,0.0,98059.0,47.4756,-122.147,1550.0,31.5
3.0,2.0,1360.0,6082.0,1.0,0.0,0.0,3.0,7.0,1360.0,0.0,1994.0,0.0,98042.0,47.3577,-122.16,1360.0,24.9
4.0,2.5,1960.0,5238.0,2.0,0.0,0.0,3.0,7.0,1960.0,0.0,2003.0,0.0,98038.0,47.3483,-122.052,1800.0,26.0
4.0,3.0,2950.0,5000.0,2.0,0.0,3.0,3.0,9.0,1980.0,970.0,1979.0,0.0,98126.0,47.5714,-122.375,2140.0,65.0
2.0,1.0,1240.0,12092.0,1.0,0.0,0.0,3.0,6.0,960.0,280.0,1922.0,1984.0,98146.0,47.4957,-122.352,1820.0,23.2
4.0,2.25,2400.0,13430.0,1.0,0.0,0.0,4.0,9.0,2400.0,0.0,1964.0,0.0,98005.0,47.5987,-122.178,2580.0,85.66
4.0,2.25,2330.0,19436.0,2.0,0.0,0.0,3.0,8.0,2330.0,0.0,1987.0,0.0,98011.0,47.7663,-122.215,1910.0,52.7
2.0,1.0,1350.0,8220.0,1.0,0.0,0.0,3.0,7.0,1060.0,290.0,1949.0,0.0,98177.0,47.7224,-122.358,1540.0,33.0
2.0,1.0,930.0,5400.0,1.0,0.0,0.0,3.0,7.0,930.0,0.0,1952.0,0.0,98117.0,47.6971,-122.372,1050.0,37.9
5.0,2.5,2270.0,6300.0,2.0,0.0,0.0,3.0,8.0,2270.0,0.0,1995.0,0.0,98092.0,47.3266,-122.169,2240.0,28.5
4.0,2.5,1910.0,4862.0,2.0,0.0,0.0,3.0,7.0,1910.0,0.0,2005.0,0.0,98038.0,47.3607,-122.034,2010.0,30.0
3.0,1.5,1220.0,1086.0,3.0,0.0,0.0,3.0,8.0,1220.0,0.0,2007.0,0.0,98133.0,47.7049,-122.353,1220.0,30.6
3.0,1.0,910.0,5212.0,1.0,0.0,0.0,3.0,7.0,910.0,0.0,1951.0,0.0,98115.0,47.6742,-122.284,1520.0,56.5
4.0,1.75,2560.0,43995.0,2.0,0.0,0.0,4.0,7.0,2560.0,0.0,1962.0,0.0,98052.0,47.6945,-122.093,2560.0,48.5
4.0,3.0,4040.0,19700.0,2.0,0.0,0.0,3.0,11.0,4040.0,0.0,1987.0,0.0,98052.0,47.7205,-122.127,3930.0,98.8
3.0,3.0,4380.0,6320.0,2.0,0.0,3.0,5.0,10.0,3580.0,800.0,1952.0,0.0,98199.0,47.6452,-122.411,3080.0,145.0
6.0,2.25,2450.0,25600.0,1.0,0.0,2.0,3.0,7.0,1340.0,1110.0,1957.0,0.0,98008.0,47.6061,-122.117,1850.0,66.25
3.0,1.5,1300.0,7370.0,1.0,0.0,0.0,4.0,7.0,900.0,400.0,1976.0,0.0,98023.0,47.3025,-122.37,1430.0,22.65
3.0,1.0,960.0,9633.0,1.0,0.0,0.0,5.0,6.0,960.0,0.0,1982.0,0.0,98022.0,47.1951,-122.001,1080.0,21.8
3.0,1.5,1580.0,5000.0,1.0,0.0,0.0,3.0,8.0,1290.0,290.0,1939.0,0.0,98117.0,47.687,-122.386,1570.0,43.0
6.0,1.75,2750.0,9563.0,2.0,0.0,0.0,4.0,8.0,2750.0,0.0,1973.0,0.0,98052.0,47.6368,-122.097,2040.0,75.0
3.0,1.0,1000.0,12070.0,1.0,0.0,0.0,4.0,7.0,1000.0,0.0,1968.0,0.0,98042.0,47.3621,-122.11,1010.0,20.4
3.0,1.5,1210.0,10588.0,1.0,0.0,0.0,4.0,7.0,1210.0,0.0,1958.0,0.0,98002.0,47.2876,-122.212,1408.0,20.0
3.0,3.0,2420.0,13959.0,1.0,0.0,0.0,4.0,8.0,1740.0,680.0,1988.0,0.0,98028.0,47.7486,-122.23,2570.0,33.0
4.0,3.5,2000.0,2309.0,3.0,0.0,0.0,3.0,8.0,2000.0,0.0,2008.0,0.0,98177.0,47.7027,-122.361,1440.0,45.65
4.0,2.5,2450.0,5280.0,2.0,0.0,0.0,3.0,8.0,2450.0,0.0,2003.0,0.0,98011.0,47.7734,-122.224,2300.0,52.5
4.0,3.25,5180.0,19850.0,2.0,0.0,3.0,3.0,12.0,3540.0,1640.0,2006.0,0.0,98006.0,47.562,-122.162,3160.0,225.0
4.0,4.0,3430.0,35102.0,2.0,0.0,0.0,4.0,10.0,2390.0,1040.0,1986.0,0.0,98075.0,47.5822,-121.987,3240.0,83.25
3.0,1.75,1970.0,7972.0,1.0,0.0,3.0,5.0,8.0,1370.0,600.0,1976.0,0.0,98055.0,47.4908,-122.225,2460.0,50.1
3.0,2.5,3545.0,9816.0,1.0,0.0,0.0,3.0,10.0,2610.0,935.0,2005.0,0.0,98027.0,47.5534,-122.078,3630.0,103.0
4.0,1.0,1330.0,2400.0,1.5,0.0,0.0,4.0,6.0,1330.0,0.0,1901.0,0.0,98103.0,47.65,-122.34,1330.0,61.5
2.0,1.0,1040.0,7538.0,1.0,0.0,0.0,4.0,7.0,1040.0,0.0,1939.0,0.0,98133.0,47.7107,-122.352,1440.0,43.6
3.0,2.0,2220.0,94300.0,1.0,0.0,0.0,5.0,7.0,1640.0,580.0,1976.0,0.0,98010.0,47.3459,-121.95,2070.0,41.6
2.0,2.0,890.0,5000.0,1.0,0.0,0.0,3.0,6.0,890.0,0.0,1917.0,0.0,98118.0,47.5158,-122.264,1860.0,20.795
2.0,1.0,880.0,6780.0,1.0,0.0,0.0,4.0,6.0,880.0,0.0,1945.0,0.0,98178.0,47.5009,-122.248,1190.0,20.5425
5.0,3.5,4390.0,10140.0,2.0,0.0,0.0,3.0,9.0,3350.0,1040.0,2005.0,0.0,98125.0,47.7174,-122.282,2010.0,97.1
5.0,3.5,4410.0,57063.0,2.0,0.0,0.0,4.0,9.0,4410.0,0.0,1990.0,0.0,98053.0,47.6554,-122.018,2900.0,110.0
3.0,1.0,970.0,5000.0,1.0,0.0,0.0,3.0,6.0,970.0,0.0,1968.0,0.0,98118.0,47.5282,-122.279,1290.0,22.6
3.0,1.75,1820.0,32666.0,1.0,0.0,0.0,4.0,7.0,1820.0,0.0,1966.0,0.0,98022.0,47.1803,-121.974,2050.0,26.5
3.0,2.25,2100.0,8201.0,1.0,0.0,2.0,3.0,8.0,1620.0,480.0,1967.0,0.0,98178.0,47.5091,-122.244,2660.0,44.5
3.0,3.5,1590.0,1102.0,3.0,0.0,0.0,3.0,8.0,1590.0,0.0,2010.0,0.0,98103.0,47.6824,-122.347,1620.0,51.85
4.0,3.25,4190.0,10259.0,2.0,0.0,0.0,3.0,11.0,3150.0,1040.0,2000.0,0.0,98074.0,47.6332,-122.066,4300.0,115.0
2.0,1.0,800.0,4342.0,1.0,0.0,0.0,3.0,6.0,670.0,130.0,1927.0,0.0,98115.0,47.6997,-122.316,1210.0,41.0
3.0,2.5,2420.0,4750.0,2.0,0.0,0.0,3.0,8.0,2420.0,0.0,2003.0,0.0,98042.0,47.3663,-122.122,2690.0,30.1
3.0,3.5,2480.0,3200.0,2.0,0.0,0.0,3.0,10.0,2480.0,0.0,2010.0,0.0,98144.0,47.5951,-122.307,1980.0,91.0
3.0,2.0,1410.0,8384.0,1.0,0.0,0.0,3.0,7.0,1410.0,0.0,1985.0,0.0,98001.0,47.3315,-122.263,1410.0,20.5
4.0,3.0,2090.0,7500.0,1.0,0.0,0.0,3.0,7.0,1370.0,720.0,1986.0,0.0,98056.0,47.4888,-122.182,1810.0,33.8
3.0,2.5,2070.0,9900.0,1.0,0.0,0.0,3.0,8.0,1420.0,650.0,1979.0,0.0,98023.0,47.2988,-122.371,2070.0,27.25
3.0,1.0,990.0,8528.0,1.0,0.0,0.0,3.0,6.0,990.0,0.0,1966.0,0.0,98023.0,47.3066,-122.371,1228.0,21.049
4.0,1.75,2500.0,7690.0,1.0,0.0,0.0,3.0,7.0,1250.0,1250.0,1973.0,0.0,98155.0,47.7713,-122.307,2040.0,38.7
3.0,2.5,1690.0,5025.0,2.0,0.0,0.0,3.0,8.0,1690.0,0.0,2003.0,0.0,98023.0,47.2779,-122.347,2550.0,25.6883
,,,,,,,,,,,,,,,,,
3.0,1.75,1380.0,14000.0,1.0,0.0,0.0,4.0,5.0,1380.0,0.0,1939.0,1957.0,98001.0,47.294,-122.281,1490.0,24.99
3.0,1.0,1910.0,8167.0,1.0,0.0,0.0,4.0,8.0,1270.0,640.0,1951.0,0.0,98117.0,47.7004,-122.368,1500.0,58.8
2.0,1.0,770.0,5040.0,1.0,0.0,0.0,3.0,5.0,770.0,0.0,1930.0,0.0,98144.0,47.5964,-122.299,1330.0,42.5
3.0,1.5,1250.0,219978.0,1.0,0.0,0.0,4.0,6.0,1250.0,0.0,1980.0,0.0,98038.0,47.4056,-121.955,1930.0,35.0
3.0,2.25,1870.0,9315.0,1.0,0.0,0.0,3.0,7.0,1350.0,520.0,1975.0,0.0,98034.0,47.705,-122.202,2230.0,49.7
3.0,2.25,2200.0,8750.0,1.0,0.0,0.0,4.0,7.0,1120.0,1080.0,1964.0,0.0,98166.0,47.476,-122.337,1460.0,31.5
4.0,3.5,3040.0,8414.0,2.0,0.0,0.0,3.0,9.0,2420.0,620.0,2010.0,0.0,98059.0,47.5222,-122.157,3470.0,68.4
3.0,1.0,1320.0,9000.0,1.0,0.0,0.0,3.0,7.0,1320.0,0.0,1966.0,0.0,98001.0,47.3461,-122.272,1320.0,19.65
3.0,1.0,1430.0,3455.0,1.0,0.0,0.0,3.0,7.0,980.0,450.0,1947.0,0.0,98103.0,47.6873,-122.336,1450.0,51.1
3.0,2.25,2910.0,10204.0,2.0,0.0,0.0,3.0,9.0,2910.0,0.0,1990.0,0.0,98052.0,47.6897,-122.098,2700.0,77.0
2.0,1.0,1280.0,5400.0,1.0,0.0,0.0,3.0,7.0,1280.0,0.0,1964.0,0.0,98117.0,47.6949,-122.371,1540.0,50.0
3.0,1.0,1190.0,9199.0,1.0,0.0,0.0,3.0,7.0,1190.0,0.0,1955.0,0.0,98148.0,47.4258,-122.322,1190.0,22.8
2.0,1.0,990.0,3120.0,1.0,0.0,2.0,5.0,7.0,790.0,200.0,1907.0,0.0,98103.0,47.68,-122.353,1930.0,43.75
3.0,1.5,2390.0,4600.0,2.0,0.0,0.0,3.0,8.0,1750.0,640.0,1920.0,1995.0,98118.0,47.5383,-122.268,1690.0,42.0
3.0,1.0,1610.0,8579.0,1.0,0.0,0.0,4.0,7.0,1010.0,600.0,1962.0,0.0,98058.0,47.4563,-122.171,1610.0,20.5
2.0,2.0,1610.0,17600.0,2.0,0.0,0.0,3.0,6.0,1610.0,0.0,1930.0,1983.0,98178.0,47.4855,-122.266,1310.0,29.09
4.0,1.75,1530.0,8750.0,1.5,0.0,0.0,4.0,7.0,1530.0,0.0,1968.0,0.0,98058.0,47.4556,-122.157,1390.0,26.99
3.0,1.0,960.0,6400.0,1.0,0.0,0.0,4.0,6.0,820.0,140.0,1944.0,0.0,98178.0,47.496,-122.239,1200.0,28.95
5.0,2.75,3150.0,7119.0,2.0,0.0,0.0,3.0,9.0,3150.0,0.0,2013.0,0.0,98052.0,47.6759,-122.151,1560.0,81.99
3.0,1.0,1250.0,9774.0,1.0,0.0,0.0,4.0,7.0,1250.0,0.0,1969.0,0.0,98003.0,47.3343,-122.306,1280.0,23.0
3.0,2.0,1950.0,8698.0,1.0,0.0,0.0,3.0,8.0,1950.0,0.0,1999.0,0.0,98042.0,47.39,-122.153,2330.0,36.1
3.0,1.75,1730.0,8400.0,1.0,0.0,0.0,4.0,7.0,1400.0,330.0,1980.0,0.0,98052.0,47.6792,-122.115,1830.0,52.2
3.0,2.5,2600.0,4438.0,2.0,0.0,0.0,3.0,7.0,2600.0,0.0,2004.0,0.0,98053.0,47.6799,-122.034,2600.0,58.1
3.0,2.0,1570.0,5250.0,1.0,0.0,0.0,3.0,7.0,1570.0,0.0,1998.0,0.0,98092.0,47.3163,-122.188,1570.0,27.85
2.0,2.0,1510.0,4000.0,1.0,0.0,0.0,4.0,7.0,1010.0,500.0,1900.0,0.0,98103.0,47.6582,-122.345,1920.0,59.5
3.0,2.5,1920.0,7415.0,2.0,0.0,0.0,3.0,7.0,1920.0,0.0,1989.0,0.0,98031.0,47.4022,-122.171,1930.0,26.0
4.0,1.0,1220.0,8075.0,1.0,0.0,0.0,2.0,7.0,890.0,330.0,1969.0,0.0,98001.0,47.3341,-122.282,1290.0,24.0
3.0,2.5,1120.0,1100.0,2.0,0.0,0.0,3.0,8.0,820.0,300.0,2008.0,0.0,98122.0,47.6106,-122.31,1590.0,42.5
3.0,2.5,2740.0,11872.0,2.0,0.0,0.0,3.0,9.0,2740.0,0.0,1990.0,0.0,98023.0,47.3076,-122.395,2570.0,36.3
3.0,1.5,1260.0,10350.0,1.0,0.0,0.0,3.0,7.0,1260.0,0.0,1959.0,0.0,98008.0,47.6357,-122.123,1800.0,46.575
4.0,2.5,2630.0,4000.0,3.0,0.0,0.0,3.0,8.0,2630.0,0.0,2002.0,0.0,98117.0,47.6915,-122.381,1640.0,65.5
3.0,1.75,1370.0,3850.0,1.0,0.0,0.0,5.0,7.0,770.0,600.0,1911.0,1988.0,98112.0,47.6374,-122.279,1390.0,85.0
3.0,1.0,1520.0,213444.0,1.5,0.0,3.0,5.0,8.0,1520.0,0.0,1988.0,0.0,98027.0,47.5081,-122.093,2640.0,42.5
1.0,1.0,700.0,5100.0,1.0,0.0,0.0,3.0,7.0,700.0,0.0,1942.0,0.0,98115.0,47.679,-122.3,1010.0,35.0
3.0,1.75,1670.0,6720.0,1.0,0.0,0.0,3.0,7.0,1140.0,530.0,1980.0,0.0,98034.0,47.7198,-122.193,1670.0,40.5
3.0,1.75,1430.0,10816.0,2.0,0.0,0.0,3.0,7.0,1430.0,0.0,1994.0,0.0,98010.0,47.3122,-121.996,1560.0,18.5
2.0,0.75,1160.0,15029.0,1.0,0.0,0.0,4.0,6.0,870.0,290.0,1937.0,0.0,98014.0,47.6929,-121.87,1870.0,40.5
3.0,1.0,1160.0,9750.0,1.0,0.0,0.0,3.0,7.0,1160.0,0.0,1967.0,0.0,98077.0,47.7422,-122.073,1160.0,30.5
4.0,1.0,1600.0,4300.0,1.5,0.0,0.0,4.0,7.0,1600.0,0.0,1916.0,0.0,98103.0,47.6648,-122.343,1610.0,48.5
4.0,2.25,2160.0,8811.0,1.0,0.0,0.0,3.0,8.0,1360.0,800.0,1978.0,0.0,98023.0,47.3129,-122.39,2090.0,26.0
3.0,2.0,1450.0,11204.0,1.0,0.0,0.0,3.0,7.0,1450.0,0.0,2003.0,0.0,98001.0,47.2639,-122.252,1520.0,23.0
2.0,2.0,1420.0,9191.0,1.5,0.0,2.0,5.0,7.0,1420.0,0.0,1928.0,0.0,98115.0,47.6979,-122.32,1420.0,59.25
3.0,1.0,990.0,6000.0,1.0,0.0,0.0,3.0,6.0,990.0,0.0,1943.0,0.0,98105.0,47.6718,-122.267,1250.0,49.5
4.0,2.5,2740.0,43101.0,2.0,0.0,0.0,3.0,9.0,2740.0,0.0,1993.0,0.0,98077.0,47.7649,-122.049,2740.0,63.0
3.0,1.75,1650.0,9480.0,1.0,0.0,0.0,3.0,7.0,1220.0,430.0,1977.0,0.0,98034.0,47.726,-122.191,1540.0,30.5
3.0,3.5,4380.0,6350.0,2.0,0.0,0.0,3.0,8.0,2780.0,1600.0,1900.0,1999.0,98117.0,47.6981,-122.368,1830.0,74.05
3.0,2.25,1490.0,9414.0,2.0,0.0,0.0,3.0,7.0,1490.0,0.0,1981.0,0.0,98052.0,47.6844,-122.113,1290.0,52.5
2.0,3.0,1270.0,1175.0,2.0,0.0,0.0,3.0,8.0,1110.0,160.0,2000.0,0.0,98103.0,47.6634,-122.34,1290.0,53.1
3.0,2.5,1670.0,5797.0,2.0,0.0,0.0,3.0,7.0,1670.0,0.0,1988.0,0.0,98030.0,47.3505,-122.179,1670.0,26.0
3.0,2.5,2440.0,7632.0,2.0,0.0,0.0,3.0,8.0,2440.0,0.0,1998.0,0.0,98003.0,47.3494,-122.301,2510.0,33.5
5.0,1.5,2830.0,4000.0,2.5,0.0,0.0,4.0,8.0,2830.0,0.0,1918.0,0.0,98118.0,47.5132,-122.262,1480.0,40.56
4.0,2.5,2210.0,9875.0,2.0,0.0,0.0,3.0,9.0,2210.0,0.0,1990.0,0.0,98074.0,47.6285,-122.025,2440.0,63.9
3.0,2.5,2140.0,2770.0,2.0,0.0,0.0,3.0,8.0,1770.0,370.0,2007.0,0.0,98052.0,47.6664,-122.131,2510.0,63.6
5.0,2.75,2990.0,6768.0,2.0,0.0,0.0,3.0,9.0,2990.0,0.0,2014.0,0.0,98006.0,47.5462,-122.182,2870.0,80.2541
3.0,1.0,1030.0,8400.0,1.0,0.0,0.0,4.0,7.0,1030.0,0.0,1963.0,0.0,98056.0,47.5364,-122.173,1270.0,42.72
3.0,2.5,2400.0,7745.0,2.0,0.0,0.0,3.0,9.0,2400.0,0.0,2001.0,0.0,98033.0,47.6734,-122.173,2080.0,75.0
2.0,1.0,880.0,7683.0,1.0,0.0,0.0,3.0,6.0,880.0,0.0,1942.0,0.0,98177.0,47.7145,-122.361,1370.0,32.61
3.0,2.5,3160.0,13603.0,2.0,0.0,0.0,3.0,8.0,3160.0,0.0,2003.0,0.0,98019.0,47.7443,-121.977,3050.0,48.8
3.0,1.0,1400.0,4800.0,1.0,0.0,0.0,4.0,6.0,700.0,700.0,1917.0,0.0,98136.0,47.5499,-122.391,1470.0,43.5
4.0,2.75,2640.0,7500.0,1.0,0.0,0.0,3.0,8.0,1620.0,1020.0,1967.0,0.0,98023.0,47.3135,-122.369,1980.0,32.0
3.0,1.0,1050.0,16050.0,1.0,0.0,0.0,4.0,7.0,1050.0,0.0,1960.0,1981.0,98038.0,47.3841,-122.006,1610.0,28.7653
3.0,1.75,2160.0,7140.0,1.0,0.0,0.0,4.0,7.0,1670.0,490.0,1978.0,0.0,98023.0,47.3026,-122.374,1930.0,27.2
3.0,2.0,1890.0,14040.0,2.0,0.0,0.0,3.0,7.0,1890.0,0.0,1994.0,0.0,98019.0,47.7277,-121.962,1890.0,39.5
4.0,2.5,2600.0,7787.0,2.0,0.0,0.0,3.0,8.0,2600.0,0.0,2005.0,0.0,98059.0,47.4877,-122.139,2830.0,48.0
3.0,1.75,1250.0,5963.0,1.0,0.0,0.0,4.0,7.0,1250.0,0.0,1953.0,0.0,98115.0,47.6796,-122.301,970.0,45.0
3.0,1.0,1070.0,9000.0,1.0,0.0,0.0,4.0,7.0,1070.0,0.0,1950.0,0.0,98198.0,47.4061,-122.33,1840.0,26.5
4.0,3.0,2020.0,4300.0,1.5,0.0,0.0,3.0,6.0,2020.0,0.0,1900.0,0.0,98107.0,47.6653,-122.372,1290.0,56.5
2.0,1.0,1100.0,7680.0,1.0,0.0,0.0,4.0,7.0,1100.0,0.0,1950.0,0.0,98133.0,47.7439,-122.339,1460.0,30.0
3.0,1.0,1490.0,10650.0,1.0,0.0,0.0,3.0,7.0,1150.0,340.0,1963.0,0.0,98033.0,47.663,-122.178,1730.0,46.05
4.0,1.75,1700.0,8640.0,1.0,0.0,0.0,3.0,7.0,850.0,850.0,1955.0,0.0,98006.0,47.5772,-122.153,1620.0,37.85
4.0,2.5,3500.0,7048.0,2.0,0.0,0.0,3.0,9.0,3500.0,0.0,2005.0,0.0,98053.0,47.6811,-122.025,3920.0,78.0
6.0,2.25,2660.0,13579.0,2.0,0.0,0.0,3.0,7.0,2660.0,0.0,1937.0,1990.0,98125.0,47.7142,-122.286,1120.0,73.0
3.0,2.0,1910.0,11576.0,1.0,0.0,0.0,3.0,7.0,1410.0,500.0,1978.0,0.0,98011.0,47.7356,-122.198,2040.0,39.0
3.0,2.25,1250.0,7500.0,1.0,0.0,0.0,5.0,7.0,1250.0,0.0,1942.0,0.0,98146.0,47.5123,-122.373,1280.0,39.0
3.0,1.75,2450.0,2691.0,2.0,0.0,0.0,3.0,8.0,1750.0,700.0,1915.0,0.0,98119.0,47.6386,-122.36,1760.0,93.7
4.0,2.5,3130.0,13202.0,2.0,0.0,0.0,3.0,10.0,3130.0,0.0,1996.0,0.0,98075.0,47.5878,-121.976,2840.0,85.1
3.0,2.5,3130.0,8750.0,2.0,0.0,0.0,3.0,10.0,3130.0,0.0,1991.0,0.0,98052.0,47.6954,-122.103,2860.0,84.3
3.0,1.75,1330.0,6743.0,1.0,0.0,0.0,3.0,8.0,1330.0,0.0,1958.0,2002.0,98125.0,47.7012,-122.286,2600.0,60.1
5.0,2.5,3040.0,9570.0,1.0,0.0,2.0,4.0,8.0,1640.0,1400.0,1966.0,0.0,98006.0,47.5651,-122.164,2920.0,79.5
3.0,2.5,1480.0,4729.0,2.0,0.0,0.0,3.0,7.0,1480.0,0.0,2004.0,0.0,98053.0,47.6794,-122.034,2250.0,51.65
4.0,2.0,2360.0,6000.0,2.0,0.0,0.0,4.0,8.0,2360.0,0.0,1904.0,0.0,98107.0,47.6702,-122.362,1730.0,64.0
3.0,1.75,1570.0,7500.0,1.0,0.0,1.0,3.0,7.0,1300.0,270.0,1953.0,0.0,98146.0,47.4999,-122.368,1590.0,33.5
3.0,2.25,1450.0,7562.0,2.0,0.0,0.0,3.0,7.0,1450.0,0.0,1994.0,0.0,98056.0,47.5038,-122.189,1650.0,29.7
3.0,2.5,1810.0,5192.0,2.0,0.0,0.0,3.0,8.0,1810.0,0.0,1993.0,0.0,98038.0,47.3724,-122.042,1810.0,34.25
4.0,2.75,2550.0,7636.0,1.0,0.0,0.0,3.0,8.0,1440.0,1110.0,1986.0,0.0,98074.0,47.6471,-122.06,2290.0,58.28
4.0,2.5,1900.0,5790.0,2.0,0.0,0.0,3.0,8.0,1900.0,0.0,1994.0,0.0,98029.0,47.5691,-121.996,2030.0,53.58
2.0,1.0,880.0,9000.0,1.0,0.0,0.0,3.0,5.0,880.0,0.0,1928.0,0.0,98188.0,47.4672,-122.291,1410.0,13.0
3.0,1.0,1340.0,5175.0,1.0,0.0,0.0,3.0,7.0,940.0,400.0,1987.0,0.0,98133.0,47.7321,-122.34,1020.0,32.0
3.0,1.0,1060.0,10228.0,1.0,0.0,0.0,3.0,7.0,1060.0,0.0,1948.0,0.0,98155.0,47.7481,-122.3,1570.0,23.0
5.0,2.75,2400.0,8050.0,2.0,0.0,0.0,3.0,8.0,2400.0,0.0,1998.0,0.0,98092.0,47.2635,-122.209,2400.0,32.7
4.0,2.5,2050.0,7416.0,2.0,0.0,0.0,3.0,8.0,2050.0,0.0,1990.0,0.0,98092.0,47.2658,-122.219,2050.0,28.0
4.0,2.5,2770.0,7800.0,2.0,0.0,0.0,3.0,10.0,2770.0,0.0,1999.0,0.0,98033.0,47.684,-122.205,2720.0,120.0
4.0,2.25,2360.0,8616.0,2.0,0.0,0.0,4.0,8.0,2360.0,0.0,1974.0,0.0,98033.0,47.6495,-122.198,2360.0,75.25
3.0,1.75,1910.0,5753.0,1.0,0.0,3.0,3.0,8.0,1110.0,800.0,1941.0,0.0,98115.0,47.6898,-122.327,1630.0,59.5
3.0,1.0,1384.0,8960.0,1.0,0.0,0.0,4.0,6.0,1384.0,0.0,1965.0,0.0,98023.0,47.3062,-122.371,1000.0,18.0
3.0,1.75,1560.0,7207.0,1.0,0.0,0.0,3.0,7.0,1250.0,310.0,1983.0,0.0,98034.0,47.7283,-122.222,1540.0,44.0
3.0,2.5,3400.0,16603.0,2.0,0.0,0.0,3.0,10.0,3400.0,0.0,2000.0,0.0,98075.0,47.6012,-122.023,3400.0,90.0
5.0,2.75,2160.0,5720.0,1.0,0.0,0.0,5.0,7.0,1500.0,660.0,1950.0,0.0,98144.0,47.5728,-122.304,2160.0,55.0
3.0,1.0,1250.0,8200.0,1.0,0.0,0.0,4.0,7.0,1250.0,0.0,1954.0,0.0,98003.0,47.3255,-122.304,1680.0,28.295
4.0,2.5,3190.0,8684.0,1.0,0.0,3.0,5.0,9.0,1680.0,1510.0,1967.0,0.0,98006.0,47.5619,-122.162,3160.0,122.0
3.0,2.0,1490.0,7651.0,1.0,0.0,0.0,3.0,7.0,1490.0,0.0,1988.0,0.0,98003.0,47.3211,-122.325,1590.0,25.3
3.0,1.75,1600.0,14250.0,1.0,0.0,0.0,3.0,7.0,1070.0,530.0,1979.0,0.0,98023.0,47.3272,-122.355,2140.0,31.65
3.0,1.75,1260.0,3328.0,1.0,0.0,0.0,5.0,6.0,700.0,560.0,1905.0,0.0,98103.0,47.6823,-122.349,1380.0,57.0
2.0,2.0,1510.0,6516.0,1.0,0.0,0.0,3.0,8.0,1510.0,0.0,2005.0,0.0,98053.0,47.7076,-122.013,1640.0,47.995
3.0,1.0,1220.0,8329.0,1.0,0.0,0.0,3.0,6.0,1220.0,0.0,1946.0,0.0,98115.0,47.6982,-122.298,1490.0,38.75
3.0,2.5,2920.0,8113.0,2.0,0.0,0.0,3.0,8.0,2920.0,0.0,1950.0,2010.0,98004.0,47.5814,-122.196,2370.0,109.0
3.0,1.75,1600.0,9135.0,1.0,0.0,0.0,5.0,7.0,1600.0,0.0,1955.0,0.0,98006.0,47.5724,-122.179,1580.0,62.5
5.0,4.25,6070.0,171626.0,2.0,0.0,0.0,3.0,12.0,6070.0,0.0,1999.0,0.0,98024.0,47.5954,-121.95,4680.0,155.0
3.0,1.0,1150.0,6908.0,1.0,0.0,0.0,3.0,6.0,800.0,350.0,1952.0,0.0,98155.0,47.7447,-122.313,1150.0,32.9999
3.0,2.5,2160.0,4000.0,1.5,0.0,0.0,3.0,8.0,1960.0,200.0,1903.0,2013.0,98122.0,47.6045,-122.307,2160.0,64.0
3.0,1.0,1250.0,23680.0,1.0,0.0,0.0,5.0,7.0,1250.0,0.0,1967.0,0.0,98059.0,47.475,-122.11,1450.0,30.5
4.0,2.75,2510.0,11880.0,1.0,0.0,0.0,5.0,8.0,1630.0,880.0,1978.0,0.0,98006.0,47.5427,-122.181,2390.0,66.4
4.0,1.0,1610.0,2982.0,1.5,0.0,0.0,4.0,7.0,1610.0,0.0,1925.0,0.0,98144.0,47.587,-122.294,1610.0,53.5
2.0,1.75,1980.0,8550.0,1.0,0.0,0.0,3.0,7.0,990.0,990.0,1981.0,0.0,98117.0,47.6989,-122.369,1480.0,58.5
3.0,1.0,1110.0,5000.0,1.5,0.0,0.0,3.0,7.0,1110.0,0.0,1947.0,0.0,98107.0,47.655,-122.359,1420.0,56.0
3.0,2.5,1750.0,22357.0,2.0,0.0,0.0,3.0,8.0,1750.0,0.0,1994.0,0.0,98045.0,47.4807,-121.779,2430.0,43.7
4.0,1.5,2150.0,23568.0,1.0,0.0,0.0,4.0,7.0,2150.0,0.0,1950.0,0.0,98166.0,47.4522,-122.355,2150.0,41.9
3.0,1.0,1010.0,5864.0,1.0,0.0,0.0,3.0,7.0,1010.0,0.0,1915.0,0.0,98116.0,47.5733,-122.381,1290.0,42.5
4.0,3.5,2770.0,3330.0,2.0,0.0,0.0,3.0,8.0,1970.0,800.0,2001.0,0.0,98052.0,47.6327,-122.109,2180.0,74.8
3.0,2.25,2300.0,35287.0,2.0,0.0,0.0,3.0,8.0,2300.0,0.0,1977.0,0.0,98022.0,47.2477,-121.937,1760.0,33.0
3.0,2.0,1400.0,218252.0,1.0,0.0,0.0,3.0,7.0,1400.0,0.0,1997.0,0.0,98019.0,47.7576,-121.934,2230.0,33.0
3.0,1.0,1780.0,7470.0,1.0,0.0,0.0,3.0,7.0,1050.0,730.0,1960.0,0.0,98146.0,47.5123,-122.337,1780.0,22.95
3.0,2.75,2390.0,9966.0,1.0,0.0,0.0,5.0,8.0,1360.0,1030.0,1977.0,0.0,98006.0,47.5433,-122.185,2140.0,56.5
4.0,1.0,1660.0,34848.0,1.0,0.0,0.0,1.0,5.0,930.0,730.0,1933.0,0.0,98052.0,47.6621,-122.132,2160.0,55.0
3.0,1.0,1400.0,10403.0,1.0,0.0,0.0,4.0,6.0,1400.0,0.0,1976.0,0.0,98038.0,47.362,-122.029,1230.0,23.2
4.0,1.75,2020.0,36400.0,1.0,0.0,0.0,4.0,8.0,1550.0,470.0,1976.0,0.0,98077.0,47.7627,-122.076,2520.0,52.1
3.0,1.0,1400.0,3538.0,1.0,0.0,0.0,3.0,7.0,800.0,600.0,1953.0,0.0,98118.0,47.5405,-122.27,1620.0,34.95
3.0,2.5,2040.0,3810.0,2.0,0.0,0.0,3.0,8.0,2040.0,0.0,2006.0,0.0,98038.0,47.3537,-122.0,2370.0,20.8633
4.0,1.75,2010.0,5070.0,1.0,0.0,1.0,4.0,7.0,1300.0,710.0,1963.0,0.0,98116.0,47.5793,-122.402,2180.0,65.0
4.0,4.0,3200.0,7708.0,2.0,0.0,0.0,3.0,10.0,3200.0,0.0,2004.0,0.0,98075.0,47.5816,-121.97,3480.0,72.0
2.0,1.75,1760.0,5000.0,1.0,0.0,0.0,4.0,7.0,940.0,820.0,1927.0,0.0,98117.0,47.682,-122.372,1530.0,60.5
3.0,2.75,2090.0,8354.0,2.0,0.0,0.0,3.0,8.0,2090.0,0.0,2012.0,0.0,98019.0,47.7336,-121.965,2280.0,40.3
4.0,1.0,1820.0,5400.0,1.5,0.0,0.0,3.0,8.0,1820.0,0.0,1923.0,2014.0,98102.0,47.6476,-122.318,1820.0,101.0
3.0,2.25,2100.0,40510.0,2.0,0.0,0.0,3.0,10.0,1320.0,780.0,1979.0,0.0,98074.0,47.6154,-122.047,2380.0,52.5
2.0,2.5,1100.0,1760.0,3.0,0.0,0.0,3.0,7.0,1100.0,0.0,1997.0,0.0,98103.0,47.6972,-122.35,1200.0,34.0
3.0,2.5,2650.0,7286.0,2.0,0.0,0.0,3.0,8.0,2650.0,0.0,1990.0,0.0,98059.0,47.5084,-122.154,2400.0,44.65
4.0,1.5,2390.0,7480.0,1.5,0.0,2.0,3.0,7.0,2390.0,0.0,1920.0,0.0,98178.0,47.504,-122.227,2850.0,33.9
3.0,2.0,1360.0,3090.0,2.0,0.0,0.0,3.0,8.0,1360.0,0.0,1990.0,0.0,98103.0,47.6838,-122.353,1500.0,53.217
3.0,1.5,1940.0,9887.0,1.0,0.0,0.0,4.0,7.0,1140.0,800.0,1969.0,0.0,98003.0,47.3289,-122.327,1410.0,23.25
2.0,2.0,1300.0,3850.0,1.0,0.0,0.0,3.0,7.0,800.0,500.0,1963.0,0.0,98136.0,47.5395,-122.39,950.0,37.8
3.0,2.5,1940.0,10035.0,2.0,0.0,0.0,4.0,8.0,1940.0,0.0,1994.0,0.0,98072.0,47.7438,-122.172,2810.0,48.0
3.0,1.75,2180.0,10221.0,1.0,0.0,2.0,4.0,7.0,1140.0,1040.0,1946.0,0.0,98040.0,47.5885,-122.248,2180.0,70.5
5.0,3.25,2400.0,3118.0,2.0,0.0,0.0,4.0,7.0,1780.0,620.0,1928.0,0.0,98122.0,47.6094,-122.291,2100.0,70.0
4.0,2.75,2810.0,7302.0,2.0,0.0,0.0,3.0,9.0,2810.0,0.0,2002.0,0.0,98075.0,47.5985,-121.977,2820.0,69.99
2.0,2.5,2420.0,60984.0,2.0,0.0,0.0,3.0,7.0,2420.0,0.0,2007.0,0.0,98027.0,47.5262,-121.943,1940.0,43.0
4.0,1.0,2550.0,4000.0,2.0,0.0,0.0,3.0,8.0,2370.0,180.0,1905.0,0.0,98109.0,47.6354,-122.353,2200.0,89.0
3.0,2.5,1670.0,6186.0,2.0,0.0,0.0,3.0,7.0,1670.0,0.0,2002.0,0.0,98038.0,47.3668,-122.031,2390.0,28.995
5.0,2.5,2520.0,7863.0,1.0,0.0,0.0,3.0,7.0,1500.0,1020.0,1981.0,0.0,98034.0,47.7096,-122.199,2030.0,54.5
3.0,2.0,1400.0,9177.0,1.0,0.0,0.0,3.0,7.0,1400.0,0.0,1974.0,0.0,98001.0,47.3415,-122.272,2020.0,23.3
3.0,1.5,1250.0,8710.0,1.0,0.0,0.0,4.0,7.0,1250.0,0.0,1953.0,0.0,98004.0,47.6245,-122.198,1750.0,88.8
3.0,2.0,1390.0,13464.0,1.0,0.0,0.0,4.0,7.0,1390.0,0.0,1987.0,0.0,98030.0,47.3581,-122.173,1720.0,20.66
4.0,2.25,2390.0,11250.0,2.0,0.0,0.0,3.0,9.0,2390.0,0.0,1988.0,0.0,98023.0,47.3305,-122.371,2480.0,35.95
2.0,1.0,1240.0,12092.0,1.0,0.0,0.0,3.0,6.0,960.0,280.0,1922.0,1984.0,98146.0,47.4957,-122.352,1820.0,24.05
4.0,1.75,1490.0,10000.0,1.0,0.0,0.0,4.0,8.0,1100.0,390.0,1969.0,0.0,98023.0,47.3099,-122.379,2190.0,26.9
4.0,1.75,2100.0,4400.0,1.5,0.0,0.0,5.0,7.0,1720.0,380.0,1924.0,0.0,98118.0,47.5299,-122.266,1850.0,44.5
4.0,1.75,2390.0,23899.0,1.0,0.0,0.0,3.0,7.0,1750.0,640.0,1949.0,0.0,98028.0,47.7557,-122.237,1840.0,45.0
3.0,2.0,1670.0,6824.0,1.0,0.0,0.0,3.0,7.0,1300.0,370.0,1990.0,0.0,98042.0,47.3666,-122.084,1660.0,22.3
3.0,1.0,1060.0,8097.0,1.0,0.0,0.0,4.0,7.0,940.0,120.0,1923.0,0.0,98133.0,47.7144,-122.351,1560.0,42.0
3.0,1.0,1350.0,8581.0,1.0,0.0,0.0,5.0,6.0,1350.0,0.0,1944.0,0.0,98177.0,47.7612,-122.362,2080.0,34.55
3.0,2.5,2150.0,4084.0,2.0,0.0,0.0,3.0,8.0,2150.0,0.0,2007.0,0.0,98126.0,47.5488,-122.372,1750.0,46.5
4.0,3.5,3100.0,15842.0,2.0,0.0,0.0,3.0,8.0,2400.0,700.0,1996.0,0.0,98028.0,47.7466,-122.242,2200.0,59.0
3.0,1.75,2390.0,6000.0,1.0,0.0,0.0,3.0,6.0,1240.0,1150.0,1908.0,0.0,98118.0,47.5362,-122.268,2020.0,40.5
4.0,3.0,3280.0,11060.0,2.0,0.0,0.0,3.0,8.0,2270.0,1010.0,1986.0,0.0,98056.0,47.5399,-122.181,2320.0,58.0
3.0,3.5,1710.0,2096.0,2.0,0.0,0.0,3.0,8.0,1290.0,420.0,2008.0,0.0,98122.0,47.6055,-122.305,1630.0,55.7
2.0,1.0,770.0,6000.0,1.0,0.0,0.0,3.0,6.0,770.0,0.0,1953.0,0.0,98117.0,47.6999,-122.364,1710.0,39.5
2.0,1.5,1050.0,3419.0,2.0,0.0,0.0,3.0,7.0,1050.0,0.0,1996.0,0.0,98038.0,47.3848,-122.039,1050.0,16.35
3.0,1.0,1010.0,5000.0,1.0,0.0,0.0,3.0,7.0,1010.0,0.0,1952.0,0.0,98107.0,47.675,-122.394,1680.0,47.0
2.0,2.0,1270.0,1372.0,3.0,0.0,0.0,3.0,8.0,1270.0,0.0,2000.0,0.0,98115.0,47.6776,-122.318,1610.0,43.8
4.0,2.5,3650.0,8354.0,1.0,1.0,4.0,3.0,9.0,1830.0,1820.0,2000.0,0.0,98074.0,47.6338,-122.072,3120.0,240.0
3.0,1.75,2910.0,37461.0,1.0,0.0,0.0,4.0,7.0,1530.0,1380.0,1967.0,0.0,98052.0,47.7015,-122.164,2520.0,57.0
3.0,1.0,1250.0,18616.0,1.0,0.0,0.0,4.0,6.0,1250.0,0.0,1972.0,0.0,98010.0,47.3414,-122.047,1920.0,28.8349
3.0,2.25,2060.0,31400.0,2.0,0.0,0.0,3.0,8.0,2060.0,0.0,1984.0,0.0,98074.0,47.6216,-122.056,2160.0,56.0
3.0,2.25,1654.0,8479.0,2.0,0.0,0.0,3.0,7.0,1654.0,0.0,1995.0,0.0,98038.0,47.3627,-122.037,1654.0,31.495
3.0,1.75,1920.0,11340.0,1.0,0.0,0.0,4.0,7.0,1230.0,690.0,1977.0,0.0,98023.0,47.3272,-122.362,1980.0,32.45
2.0,1.5,1140.0,1058.0,3.0,0.0,0.0,3.0,7.0,1140.0,0.0,2005.0,0.0,98103.0,47.6608,-122.333,1170.0,46.6
4.0,2.5,2070.0,4310.0,2.0,0.0,0.0,3.0,7.0,2070.0,0.0,2004.0,0.0,98065.0,47.5319,-121.85,1970.0,43.0
3.0,1.5,1360.0,8910.0,2.0,0.0,0.0,5.0,7.0,1360.0,0.0,1949.0,0.0,98188.0,47.4488,-122.275,1220.0,24.5
2.0,1.0,940.0,5000.0,1.0,0.0,0.0,4.0,7.0,940.0,0.0,1937.0,0.0,98117.0,47.6879,-122.385,1560.0,35.2
6.0,2.75,3610.0,10003.0,1.5,0.0,0.0,4.0,8.0,3610.0,0.0,1966.0,0.0,98008.0,47.6261,-122.125,2560.0,65.0
4.0,2.5,2640.0,8625.0,2.0,0.0,0.0,3.0,8.0,2640.0,0.0,1987.0,0.0,98058.0,47.4598,-122.15,2240.0,42.99
4.0,2.25,2070.0,8893.0,2.0,0.0,0.0,4.0,8.0,2070.0,0.0,1986.0,0.0,98058.0,47.4388,-122.162,2390.0,36.5
4.0,1.75,2100.0,7135.0,1.0,0.0,0.0,4.0,7.0,1050.0,1050.0,1955.0,0.0,98106.0,47.5353,-122.349,1730.0,38.4
2.0,1.5,1320.0,10800.0,1.0,0.0,0.0,4.0,8.0,1320.0,0.0,1947.0,0.0,98177.0,47.7145,-122.367,2120.0,46.7
4.0,2.5,2250.0,9091.0,1.0,0.0,0.0,3.0,7.0,1340.0,910.0,1982.0,0.0,98001.0,47.336,-122.269,1540.0,30.5
3.0,1.75,2070.0,5500.0,1.0,0.0,0.0,4.0,7.0,1130.0,940.0,1946.0,0.0,98115.0,47.6733,-122.301,1800.0,64.5
3.0,1.0,1370.0,6001.0,1.0,0.0,0.0,5.0,7.0,1230.0,140.0,1944.0,0.0,98108.0,47.5646,-122.317,1370.0,44.7
4.0,2.25,1960.0,12243.0,2.0,0.0,0.0,3.0,8.0,1960.0,0.0,1989.0,0.0,98042.0,47.3405,-122.058,1910.0,30.8
5.0,1.5,2120.0,7700.0,1.5,0.0,0.0,5.0,7.0,2120.0,0.0,1962.0,0.0,98058.0,47.4599,-122.172,1730.0,29.0
3.0,1.0,990.0,6750.0,1.0,0.0,0.0,4.0,6.0,990.0,0.0,1947.0,0.0,98133.0,47.7125,-122.331,1440.0,32.5
3.0,2.25,3060.0,12095.0,2.0,0.0,0.0,3.0,10.0,3060.0,0.0,1983.0,0.0,98006.0,47.5611,-122.106,3060.0,86.0
4.0,2.5,2440.0,22594.0,2.0,0.0,0.0,3.0,8.0,2440.0,0.0,1996.0,0.0,98053.0,47.6333,-121.97,2560.0,56.5
3.0,2.0,1410.0,9600.0,1.0,0.0,0.0,4.0,7.0,1410.0,0.0,1983.0,0.0,98072.0,47.7591,-122.146,1410.0,36.55
3.0,1.25,1510.0,13737.0,1.0,0.0,3.0,4.0,6.0,810.0,700.0,1961.0,0.0,98125.0,47.7289,-122.283,2560.0,39.75
4.0,3.75,4030.0,10800.0,2.0,0.0,0.0,3.0,10.0,4030.0,0.0,2006.0,0.0,98033.0,47.6821,-122.196,2160.0,149.0
2.0,1.0,1070.0,4500.0,1.0,0.0,0.0,3.0,7.0,1070.0,0.0,1937.0,0.0,98115.0,47.6802,-122.29,1320.0,41.5
3.0,2.0,1430.0,8919.0,1.0,0.0,0.0,3.0,7.0,1430.0,0.0,1992.0,0.0,98022.0,47.2118,-121.983,1580.0,24.65
3.0,2.25,2070.0,11576.0,2.0,0.0,0.0,3.0,7.0,2070.0,0.0,1974.0,0.0,98001.0,47.3417,-122.271,1890.0,19.6
4.0,2.0,2110.0,4140.0,2.0,0.0,0.0,3.0,9.0,1710.0,400.0,1925.0,2003.0,98116.0,47.5836,-122.387,1440.0,72.5
3.0,1.75,1540.0,12600.0,1.0,0.0,0.0,4.0,7.0,1160.0,380.0,1980.0,0.0,98038.0,47.3624,-122.031,1540.0,27.25
5.0,2.5,4570.0,19252.0,2.0,0.0,0.0,5.0,10.0,4570.0,0.0,1965.0,0.0,98040.0,47.5553,-122.22,3180.0,148.0
6.0,2.75,2940.0,7350.0,1.0,0.0,0.0,3.0,8.0,1780.0,1160.0,1978.0,0.0,98023.0,47.3103,-122.339,2120.0,31.5
5.0,2.5,2180.0,8240.0,1.0,0.0,0.0,4.0,8.0,1220.0,960.0,1977.0,0.0,98092.0,47.3122,-122.191,2050.0,28.9999
2.0,1.0,940.0,6804.0,1.0,0.0,0.0,3.0,7.0,940.0,0.0,1949.0,0.0,98177.0,47.7047,-122.373,1150.0,44.35
4.0,2.5,1700.0,6380.0,1.0,0.0,0.0,4.0,7.0,850.0,850.0,1940.0,0.0,98115.0,47.6988,-122.319,1380.0,43.5
5.0,3.0,3450.0,9914.0,2.0,0.0,0.0,3.0,9.0,3450.0,0.0,2004.0,0.0,98023.0,47.2813,-122.345,2860.0,38.0
5.0,3.0,3070.0,9804.0,1.0,0.0,0.0,4.0,9.0,1740.0,1330.0,1968.0,0.0,98006.0,47.5702,-122.128,2550.0,71.8
3.0,1.0,1620.0,30736.0,1.5,0.0,0.0,4.0,7.0,1620.0,0.0,1911.0,1977.0,98006.0,47.5719,-122.119,2440.0,42.875
2.0,1.0,1000.0,10200.0,1.0,0.0,0.0,3.0,6.0,1000.0,0.0,1961.0,0.0,98024.0,47.5687,-121.899,1150.0,21.3
5.0,1.75,1930.0,8040.0,1.0,0.0,0.0,4.0,8.0,1930.0,0.0,1966.0,0.0,98023.0,47.3109,-122.376,2370.0,21.8
2.0,1.0,1010.0,3000.0,1.0,0.0,0.0,4.0,7.0,1010.0,0.0,1925.0,0.0,98045.0,47.4965,-121.785,1150.0,28.0
3.0,2.5,1930.0,64904.0,1.0,0.0,0.0,4.0,8.0,1930.0,0.0,1988.0,0.0,98042.0,47.346,-122.157,2350.0,39.0
1.0,1.0,870.0,26326.0,1.0,0.0,0.0,3.0,6.0,870.0,0.0,1939.0,0.0,98198.0,47.4152,-122.3,1250.0,15.7
3.0,2.5,1550.0,8134.0,2.0,0.0,0.0,3.0,7.0,1550.0,0.0,1991.0,0.0,98031.0,47.404,-122.191,1550.0,26.8
4.0,2.25,2190.0,9009.0,2.0,0.0,0.0,4.0,8.0,1840.0,350.0,1977.0,0.0,98033.0,47.6916,-122.188,2190.0,73.0
3.0,2.5,3660.0,39478.0,2.0,0.0,2.0,4.0,9.0,3260.0,400.0,1989.0,0.0,98022.0,47.2413,-121.972,2700.0,53.0
3.0,1.0,1330.0,77972.0,1.0,0.0,0.0,3.0,7.0,1330.0,0.0,1928.0,1954.0,98033.0,47.6891,-122.159,1340.0,90.0
3.0,1.0,1230.0,10170.0,1.0,0.0,0.0,3.0,7.0,1230.0,0.0,1979.0,0.0,98045.0,47.4437,-121.772,1380.0,25.5
3.0,1.0,1500.0,4000.0,1.0,0.0,0.0,3.0,6.0,900.0,600.0,1925.0,0.0,98117.0,47.6921,-122.38,950.0,39.5
3.0,1.75,1900.0,9375.0,1.0,0.0,1.0,4.0,8.0,1330.0,570.0,1941.0,0.0,98115.0,47.6821,-122.273,2760.0,104.0
3.0,1.75,2080.0,7700.0,1.0,0.0,0.0,5.0,7.0,1600.0,480.0,1968.0,0.0,98056.0,47.5375,-122.178,1680.0,42.67
5.0,3.0,3830.0,8480.0,2.0,0.0,1.0,5.0,9.0,2630.0,1200.0,1905.0,1994.0,98122.0,47.6166,-122.287,3050.0,205.0
3.0,1.75,1640.0,13500.0,1.0,0.0,0.0,3.0,7.0,1110.0,530.0,1940.0,0.0,98125.0,47.7164,-122.304,1770.0,45.0
5.0,3.5,4800.0,14984.0,2.0,0.0,2.0,3.0,11.0,3480.0,1320.0,1998.0,0.0,98006.0,47.5543,-122.148,4050.0,135.0
3.0,2.25,2020.0,8379.0,2.0,0.0,0.0,3.0,7.0,2020.0,0.0,1994.0,0.0,98038.0,47.3828,-122.023,2020.0,32.8
3.0,2.5,2020.0,1159.0,3.0,0.0,3.0,3.0,8.0,2020.0,0.0,2000.0,0.0,98103.0,47.6617,-122.356,1920.0,72.0
4.0,4.25,4890.0,15188.0,2.0,0.0,2.0,3.0,11.0,3090.0,1800.0,1999.0,0.0,98040.0,47.5602,-122.227,3470.0,240.0
4.0,2.75,4110.0,8400.0,2.0,0.0,1.0,3.0,9.0,3130.0,980.0,1928.0,2013.0,98125.0,47.717,-122.281,2820.0,120.0
2.0,1.0,1070.0,32633.0,1.0,0.0,0.0,4.0,6.0,1070.0,0.0,1930.0,0.0,98059.0,47.4716,-122.078,1360.0,32.0
2.0,1.75,1330.0,7200.0,1.0,0.0,0.0,3.0,7.0,1330.0,0.0,1993.0,0.0,98188.0,47.4467,-122.281,1450.0,24.0
3.0,1.5,3000.0,5750.0,2.0,0.0,0.0,5.0,9.0,2000.0,1000.0,1924.0,0.0,98116.0,47.5821,-122.39,1820.0,112.0
3.0,1.0,1480.0,7469.0,1.5,0.0,0.0,3.0,6.0,1120.0,360.0,1940.0,0.0,98168.0,47.5048,-122.301,1460.0,26.0
2.0,2.75,1370.0,1140.0,2.0,0.0,0.0,3.0,8.0,1080.0,290.0,2009.0,0.0,98133.0,47.7052,-122.343,1370.0,35.9
3.0,1.75,1250.0,6041.0,1.5,0.0,0.0,5.0,7.0,1250.0,0.0,1942.0,0.0,98115.0,47.69,-122.304,1180.0,53.0
3.0,2.0,1440.0,7210.0,1.0,0.0,0.0,3.0,8.0,1440.0,0.0,1983.0,0.0,98092.0,47.3128,-122.184,1700.0,21.0
4.0,2.5,1790.0,6120.0,2.0,0.0,0.0,3.0,7.0,1790.0,0.0,2005.0,0.0,98059.0,47.4829,-122.128,1950.0,37.05
5.0,2.5,2990.0,15085.0,2.0,0.0,0.0,3.0,9.0,2990.0,0.0,2007.0,0.0,98011.0,47.746,-122.218,3150.0,62.5
3.0,1.75,1760.0,6500.0,1.0,0.0,0.0,3.0,7.0,1150.0,610.0,1987.0,0.0,98038.0,47.3647,-122.05,1760.0,24.0
4.0,2.0,1530.0,4080.0,1.5,0.0,0.0,4.0,7.0,1530.0,0.0,1912.0,0.0,98105.0,47.6645,-122.325,1860.0,66.4
7.0,3.5,4640.0,15235.0,2.0,0.0,1.0,3.0,11.0,2860.0,1780.0,1965.0,2003.0,98040.0,47.5666,-122.231,3230.0,195.0
3.0,1.75,2100.0,14850.0,1.0,0.0,0.0,4.0,7.0,2100.0,0.0,1963.0,0.0,98042.0,47.3622,-122.059,1930.0,32.3
4.0,4.0,6050.0,84942.0,2.5,0.0,2.0,3.0,9.0,4150.0,1900.0,2009.0,0.0,98077.0,47.7466,-122.029,2700.0,93.0
4.0,1.0,1760.0,7216.0,1.0,0.0,0.0,3.0,7.0,1090.0,670.0,1947.0,0.0,98133.0,47.7041,-122.355,1180.0,42.995
3.0,1.5,2140.0,3600.0,2.0,0.0,0.0,3.0,9.0,1900.0,240.0,1925.0,0.0,98119.0,47.6337,-122.365,2020.0,94.0
2.0,1.0,1430.0,5000.0,1.5,0.0,0.0,2.0,7.0,1430.0,0.0,1925.0,0.0,98115.0,47.6727,-122.299,1450.0,45.5
3.0,1.75,1760.0,26055.0,1.0,0.0,0.0,3.0,7.0,920.0,840.0,1979.0,0.0,98042.0,47.3664,-122.1,1350.0,22.5
4.0,1.75,1760.0,11180.0,1.0,0.0,0.0,4.0,8.0,1760.0,0.0,1968.0,0.0,98059.0,47.4715,-122.118,1730.0,32.0
2.0,1.0,940.0,5000.0,1.0,0.0,0.0,3.0,6.0,940.0,0.0,1951.0,0.0,98126.0,47.5186,-122.374,940.0,27.5
3.0,2.5,2300.0,3060.0,1.5,0.0,0.0,3.0,8.0,1510.0,790.0,1930.0,2002.0,98115.0,47.6827,-122.31,1590.0,69.6
3.0,2.5,5403.0,24069.0,2.0,1.0,4.0,4.0,12.0,5403.0,0.0,1976.0,0.0,98166.0,47.4169,-122.348,3980.0,213.0
3.0,1.75,1560.0,21000.0,1.0,0.0,0.0,3.0,7.0,1560.0,0.0,1954.0,0.0,98166.0,47.4776,-122.337,1070.0,28.4
3.0,2.5,1470.0,3976.0,2.0,0.0,0.0,3.0,7.0,1470.0,0.0,1999.0,0.0,98065.0,47.526,-121.826,1490.0,33.7
3.0,2.5,3000.0,25341.0,2.0,0.0,0.0,3.0,9.0,3000.0,0.0,1995.0,0.0,98053.0,47.6724,-122.013,3000.0,74.0
4.0,2.75,2980.0,13260.0,1.0,0.0,0.0,4.0,8.0,1800.0,1180.0,1979.0,0.0,98056.0,47.5152,-122.197,1920.0,45.0
3.0,1.75,4000.0,11894.0,1.0,0.0,0.0,3.0,9.0,2190.0,1810.0,1987.0,0.0,98011.0,47.7738,-122.203,2530.0,62.8
5.0,2.5,2750.0,5589.0,1.5,0.0,0.0,5.0,9.0,1840.0,910.0,1910.0,0.0,98112.0,47.6364,-122.3,1460.0,91.5
3.0,2.0,2380.0,17950.0,2.0,0.0,0.0,4.0,8.0,2110.0,270.0,1934.0,0.0,98155.0,47.7591,-122.28,2030.0,55.0
4.0,2.5,3300.0,10250.0,1.0,0.0,0.0,3.0,7.0,2390.0,910.0,1946.0,1991.0,98040.0,47.5873,-122.249,1950.0,90.5
4.0,2.5,4120.0,22370.0,2.0,0.0,0.0,3.0,10.0,4120.0,0.0,1997.0,0.0,98074.0,47.6239,-122.023,3180.0,86.3
3.0,1.75,1430.0,8505.0,1.0,0.0,0.0,4.0,7.0,1430.0,0.0,1968.0,0.0,98003.0,47.3173,-122.319,1190.0,22.5
3.0,2.0,2100.0,72745.0,1.0,0.0,0.0,4.0,9.0,2100.0,0.0,1995.0,0.0,98077.0,47.7479,-122.062,2290.0,74.0
3.0,1.75,1330.0,9917.0,1.0,0.0,0.0,3.0,7.0,1040.0,290.0,1981.0,0.0,98058.0,47.4478,-122.161,1330.0,26.35
3.0,1.75,1830.0,11788.0,1.0,0.0,1.0,3.0,8.0,1430.0,400.0,1958.0,0.0,98055.0,47.4862,-122.224,2140.0,37.3
4.0,3.5,3450.0,7832.0,2.0,0.0,0.0,3.0,10.0,3450.0,0.0,2007.0,0.0,98006.0,47.5637,-122.123,3220.0,105.0
2.0,1.0,750.0,8125.0,1.0,0.0,0.0,4.0,6.0,750.0,0.0,1943.0,0.0,98055.0,47.4727,-122.198,1340.0,26.1
3.0,1.5,1330.0,10640.0,1.0,0.0,0.0,3.0,7.0,1330.0,0.0,1976.0,0.0,98011.0,47.7364,-122.193,1460.0,37.4
3.0,2.5,2440.0,4587.0,2.0,0.0,0.0,3.0,8.0,2440.0,0.0,2010.0,0.0,98052.0,47.7073,-122.114,2750.0,67.79
3.0,2.5,1600.0,26977.0,2.0,0.0,0.0,3.0,8.0,1600.0,0.0,2005.0,0.0,98019.0,47.7736,-121.901,1790.0,33.0
2.0,1.0,750.0,34133.0,1.0,0.0,0.0,3.0,6.0,750.0,0.0,1950.0,0.0,98168.0,47.4781,-122.294,1460.0,21.0
4.0,2.0,1940.0,25600.0,1.0,0.0,0.0,1.0,8.0,1940.0,0.0,1962.0,0.0,98006.0,47.5722,-122.129,2000.0,36.5
4.0,2.25,2490.0,9864.0,1.0,0.0,0.0,4.0,8.0,1290.0,1200.0,1961.0,0.0,98004.0,47.6051,-122.195,2360.0,82.4
3.0,1.75,1610.0,12555.0,1.0,0.0,0.0,3.0,7.0,1080.0,530.0,1977.0,0.0,98052.0,47.6618,-122.136,1780.0,51.2
3.0,2.5,2250.0,5692.0,2.0,0.0,0.0,3.0,8.0,2250.0,0.0,2000.0,0.0,98146.0,47.5133,-122.379,1320.0,44.5838
3.0,2.0,1680.0,8080.0,1.0,0.0,0.0,3.0,8.0,1680.0,0.0,1987.0,0.0,98074.0,47.6168,-122.045,1800.0,51.0
4.0,2.5,2430.0,6099.0,1.0,0.0,0.0,5.0,8.0,1470.0,960.0,1965.0,0.0,98115.0,47.6777,-122.287,2180.0,76.0
5.0,2.75,3740.0,6750.0,1.0,0.0,0.0,4.0,8.0,1980.0,1760.0,1978.0,0.0,98028.0,47.7679,-122.261,2620.0,59.5
4.0,3.0,2570.0,262018.0,1.0,0.0,0.0,3.0,7.0,1420.0,1150.0,1988.0,0.0,98058.0,47.4417,-122.09,2260.0,39.0
3.0,2.5,1930.0,5080.0,2.0,0.0,0.0,4.0,8.0,1930.0,0.0,1990.0,0.0,98029.0,47.5694,-122.001,2190.0,53.36
3.0,3.25,3400.0,5979.0,2.0,0.0,0.0,4.0,9.0,2290.0,1110.0,1937.0,0.0,98105.0,47.6585,-122.273,3090.0,130.0
4.0,2.5,2380.0,9614.0,2.0,0.0,0.0,4.0,10.0,2380.0,0.0,1991.0,0.0,98006.0,47.5623,-122.116,2560.0,78.2
3.0,1.5,1650.0,9380.0,1.0,0.0,0.0,5.0,7.0,1130.0,520.0,1978.0,0.0,98058.0,47.4525,-122.162,1720.0,32.0
4.0,3.5,2380.0,5809.0,2.0,0.0,0.0,4.0,7.0,1750.0,630.0,1995.0,0.0,98106.0,47.5536,-122.359,1620.0,41.3
3.0,1.75,1810.0,41800.0,1.0,0.0,0.0,5.0,7.0,1210.0,600.0,1980.0,0.0,98038.0,47.4109,-121.958,1650.0,31.4
4.0,1.0,1550.0,7740.0,1.5,0.0,0.0,3.0,6.0,1550.0,0.0,1954.0,0.0,98126.0,47.5222,-122.375,1220.0,38.52
2.0,1.0,1050.0,5900.0,1.0,0.0,0.0,3.0,7.0,1050.0,0.0,1950.0,0.0,98126.0,47.5326,-122.376,1280.0,24.5
5.0,2.75,2550.0,5040.0,1.5,0.0,0.0,5.0,8.0,2550.0,0.0,1902.0,0.0,98122.0,47.6136,-122.299,1590.0,65.0
3.0,2.0,1290.0,1213.0,3.0,0.0,0.0,3.0,8.0,1290.0,0.0,2001.0,0.0,98103.0,47.6609,-122.344,1290.0,45.0
3.0,2.0,1930.0,11947.0,1.0,0.0,0.0,4.0,8.0,1930.0,0.0,1966.0,0.0,98042.0,47.3672,-122.151,2200.0,34.2
4.0,2.5,2290.0,13416.0,2.0,0.0,0.0,4.0,9.0,2290.0,0.0,1981.0,0.0,98007.0,47.6194,-122.151,2680.0,78.5
4.0,1.75,2330.0,5000.0,1.5,0.0,0.0,4.0,7.0,1510.0,820.0,1929.0,0.0,98117.0,47.6823,-122.368,1460.0,68.75
5.0,4.25,4860.0,9453.0,1.5,0.0,1.0,5.0,10.0,3100.0,1760.0,1905.0,0.0,98112.0,47.6196,-122.286,3150.0,225.0
4.0,2.5,2470.0,7780.0,2.0,0.0,0.0,3.0,8.0,2470.0,0.0,2002.0,0.0,98092.0,47.3337,-122.191,2100.0,33.2
3.0,1.0,860.0,11725.0,1.0,0.0,0.0,4.0,6.0,860.0,0.0,1943.0,0.0,98056.0,47.5093,-122.184,1300.0,21.0
4.0,3.5,2140.0,2278.0,3.0,0.0,0.0,3.0,9.0,2140.0,0.0,2005.0,0.0,98107.0,47.6734,-122.38,1540.0,67.5
3.0,1.0,1400.0,1581.0,1.5,0.0,0.0,5.0,8.0,1400.0,0.0,1909.0,0.0,98112.0,47.6221,-122.314,1860.0,66.7
3.0,1.5,1260.0,9570.0,1.0,0.0,0.0,3.0,7.0,870.0,390.0,1941.0,0.0,98115.0,47.7004,-122.305,1620.0,41.49
2.0,1.75,1450.0,15798.0,2.0,1.0,4.0,3.0,7.0,1230.0,220.0,1915.0,1978.0,98166.0,47.4497,-122.375,2030.0,65.5
5.0,2.5,3400.0,9500.0,2.0,0.0,1.0,4.0,8.0,3400.0,0.0,1977.0,0.0,98027.0,47.5645,-122.082,3080.0,128.0
5.0,2.0,1940.0,7642.0,1.5,0.0,0.0,3.0,7.0,1940.0,0.0,1957.0,0.0,98177.0,47.7751,-122.38,1940.0,46.525
4.0,2.0,2020.0,2849.0,2.0,0.0,0.0,3.0,7.0,2020.0,0.0,1960.0,0.0,98115.0,47.6831,-122.329,1910.0,59.5
5.0,2.25,2900.0,10300.0,1.0,0.0,0.0,3.0,8.0,1450.0,1450.0,1985.0,0.0,98006.0,47.5461,-122.151,2310.0,67.5
3.0,2.25,1860.0,5028.0,2.0,0.0,0.0,3.0,8.0,1860.0,0.0,2012.0,0.0,98019.0,47.7318,-121.982,2320.0,35.5
3.0,1.75,1800.0,18000.0,1.0,0.0,0.0,3.0,8.0,1200.0,600.0,1968.0,0.0,98058.0,47.4406,-122.146,1800.0,38.5
3.0,2.75,1980.0,3128.0,2.0,0.0,0.0,4.0,9.0,1980.0,0.0,1979.0,0.0,98008.0,47.6109,-122.114,1950.0,49.0
3.0,2.5,1610.0,2937.0,2.0,0.0,0.0,3.0,8.0,1610.0,0.0,2006.0,0.0,98055.0,47.4489,-122.188,1610.0,29.0
2.0,1.5,1490.0,5750.0,1.5,0.0,0.0,4.0,7.0,1190.0,300.0,1900.0,0.0,98116.0,47.5872,-122.39,1590.0,62.5
2.0,1.0,1190.0,4440.0,1.0,0.0,0.0,3.0,6.0,1190.0,0.0,1981.0,0.0,98125.0,47.7135,-122.287,1060.0,38.25
3.0,1.75,2519.0,8690.0,2.0,0.0,0.0,5.0,8.0,2519.0,0.0,1973.0,0.0,98166.0,47.4428,-122.344,2500.0,50.5
3.0,4.25,3840.0,6161.0,2.0,0.0,0.0,3.0,10.0,3840.0,0.0,2000.0,0.0,98074.0,47.6336,-122.064,3230.0,86.87
3.0,1.75,1320.0,2500.0,1.0,0.0,0.0,3.0,7.0,870.0,450.0,1918.0,0.0,98105.0,47.6681,-122.305,1580.0,53.0
5.0,3.5,2320.0,4960.0,2.0,0.0,0.0,5.0,7.0,1720.0,600.0,1926.0,0.0,98103.0,47.6763,-122.352,1700.0,82.25
5.0,2.5,2970.0,24759.0,1.0,0.0,0.0,4.0,8.0,1670.0,1300.0,1969.0,0.0,98031.0,47.3908,-122.173,2100.0,46.95
3.0,1.0,1190.0,7560.0,1.0,0.0,0.0,5.0,6.0,1190.0,0.0,1958.0,0.0,98058.0,47.452,-122.177,1190.0,28.8
4.0,1.75,2510.0,7440.0,1.0,0.0,2.0,4.0,8.0,1290.0,1220.0,1962.0,0.0,98032.0,47.3748,-122.276,1790.0,28.5
2.0,1.0,970.0,2970.0,1.0,0.0,0.0,3.0,7.0,970.0,0.0,1910.0,0.0,98102.0,47.6233,-122.319,1670.0,42.5
3.0,2.25,1660.0,6000.0,1.0,0.0,0.0,3.0,7.0,1110.0,550.0,1979.0,0.0,98122.0,47.6113,-122.297,1440.0,42.5
3.0,2.5,1680.0,4308.0,2.0,0.0,0.0,3.0,7.0,1680.0,0.0,2004.0,0.0,98056.0,47.4802,-122.179,2160.0,34.7
5.0,2.0,1810.0,4850.0,1.5,0.0,0.0,3.0,7.0,1810.0,0.0,1900.0,0.0,98107.0,47.67,-122.394,1360.0,53.0
5.0,3.5,3960.0,25245.0,2.0,0.0,0.0,3.0,9.0,2500.0,1460.0,1996.0,0.0,98056.0,47.525,-122.172,2640.0,65.0
4.0,2.5,2570.0,5520.0,2.0,0.0,0.0,3.0,9.0,2570.0,0.0,2000.0,0.0,98074.0,47.6145,-122.027,2470.0,62.5
3.0,1.75,1300.0,11230.0,1.0,0.0,0.0,5.0,7.0,1300.0,0.0,1968.0,0.0,98042.0,47.3811,-122.087,1300.0,23.2
3.0,1.5,1300.0,3348.0,1.5,0.0,0.0,3.0,7.0,1300.0,0.0,1904.0,2014.0,98144.0,47.592,-122.307,1590.0,43.5
3.0,2.5,1900.0,8744.0,2.0,0.0,0.0,3.0,8.0,1900.0,0.0,1987.0,0.0,98074.0,47.62,-122.043,2030.0,56.0
4.0,2.75,2730.0,4683.0,2.0,0.0,0.0,3.0,7.0,2730.0,0.0,2005.0,0.0,98038.0,47.3608,-122.043,2230.0,37.495
5.0,3.0,3300.0,33474.0,1.0,0.0,3.0,3.0,9.0,1870.0,1430.0,1957.0,1991.0,98040.0,47.5673,-122.21,3836.0,151.0
4.0,2.5,2810.0,11120.0,2.0,0.0,0.0,3.0,9.0,2810.0,0.0,1982.0,0.0,98074.0,47.6337,-122.044,3100.0,67.5
3.0,1.75,1410.0,4080.0,1.0,0.0,0.0,4.0,7.0,1000.0,410.0,1950.0,0.0,98117.0,47.6808,-122.384,1410.0,60.0
3.0,1.0,1020.0,8100.0,1.0,0.0,0.0,3.0,7.0,1020.0,0.0,1954.0,0.0,98198.0,47.3586,-122.314,1020.0,22.9
4.0,2.0,1510.0,3500.0,1.5,0.0,0.0,5.0,7.0,1510.0,0.0,1911.0,0.0,98103.0,47.6794,-122.357,1820.0,79.15
3.0,1.5,1430.0,5200.0,1.0,0.0,3.0,4.0,7.0,1250.0,180.0,1940.0,0.0,98117.0,47.6988,-122.387,2210.0,51.75
3.0,2.0,1300.0,9644.0,1.0,0.0,0.0,3.0,7.0,1300.0,0.0,1994.0,0.0,98010.0,47.3131,-121.998,1430.0,26.7
5.0,3.0,2520.0,5500.0,1.0,0.0,0.0,3.0,8.0,1550.0,970.0,2004.0,0.0,98178.0,47.4938,-122.255,1700.0,35.0
4.0,2.5,3360.0,22111.0,2.0,0.0,0.0,3.0,10.0,3360.0,0.0,1994.0,0.0,98075.0,47.5951,-122.017,3150.0,87.9
2.0,1.0,820.0,5100.0,1.0,0.0,0.0,3.0,6.0,820.0,0.0,1953.0,0.0,98118.0,47.5156,-122.262,1170.0,19.5
4.0,2.5,3360.0,7685.0,2.0,0.0,0.0,3.0,9.0,3360.0,0.0,2001.0,0.0,98058.0,47.4369,-122.111,3060.0,45.5
2.0,1.75,1440.0,5680.0,1.0,0.0,0.0,4.0,8.0,1440.0,0.0,1978.0,0.0,98198.0,47.3825,-122.319,1320.0,21.0
3.0,2.25,2570.0,8491.0,2.0,0.0,0.0,4.0,8.0,2570.0,0.0,1989.0,0.0,98042.0,47.3759,-122.125,2400.0,34.8
3.0,2.5,2830.0,5802.0,2.0,0.0,0.0,3.0,9.0,2830.0,0.0,2001.0,0.0,98028.0,47.7605,-122.234,2500.0,55.1
2.0,2.75,1590.0,20917.0,1.5,0.0,0.0,3.0,5.0,1590.0,0.0,1920.0,0.0,98001.0,47.2786,-122.25,1310.0,19.995
3.0,3.25,2660.0,17852.0,2.5,0.0,0.0,3.0,8.0,2660.0,0.0,2014.0,0.0,98010.0,47.3077,-122.011,1320.0,37.9
3.0,1.75,1650.0,10150.0,1.0,0.0,0.0,3.0,8.0,1230.0,420.0,1976.0,0.0,98033.0,47.6963,-122.169,1930.0,53.99
4.0,3.25,5050.0,20100.0,1.5,0.0,2.0,3.0,11.0,4750.0,300.0,1982.0,2008.0,98004.0,47.6312,-122.223,3890.0,290.0
3.0,2.5,1940.0,14952.0,2.0,0.0,0.0,3.0,8.0,1940.0,0.0,1994.0,0.0,98042.0,47.3777,-122.165,2030.0,29.7
3.0,1.75,1780.0,9660.0,1.0,0.0,0.0,3.0,7.0,1780.0,0.0,1962.0,0.0,98034.0,47.7171,-122.193,1200.0,43.8
4.0,2.5,2990.0,29170.0,2.0,0.0,3.0,3.0,9.0,2990.0,0.0,1999.0,0.0,98059.0,47.5146,-122.117,3715.0,72.5
4.0,2.25,4230.0,37769.0,2.0,0.0,0.0,3.0,11.0,4230.0,0.0,1989.0,0.0,98077.0,47.7287,-122.077,3890.0,98.5
4.0,1.75,3730.0,16980.0,1.0,0.0,0.0,4.0,7.0,2150.0,1580.0,1974.0,0.0,98022.0,47.1775,-122.022,1880.0,36.0
4.0,2.0,2180.0,10575.0,1.0,0.0,0.0,2.0,6.0,1730.0,450.0,1950.0,0.0,98005.0,47.589,-122.177,2180.0,48.0
3.0,2.5,1610.0,2527.0,2.0,0.0,2.0,3.0,9.0,1080.0,530.0,2005.0,0.0,98118.0,47.5674,-122.29,1610.0,46.0
4.0,2.5,2030.0,4997.0,2.0,0.0,0.0,3.0,8.0,2030.0,0.0,2004.0,0.0,98031.0,47.393,-122.184,2095.0,31.095
3.0,1.5,1130.0,7223.0,1.0,0.0,0.0,4.0,7.0,1130.0,0.0,1961.0,0.0,98056.0,47.5089,-122.189,1320.0,34.15
3.0,2.5,2340.0,10005.0,1.0,0.0,0.0,4.0,8.0,1460.0,880.0,1978.0,0.0,98058.0,47.4431,-122.133,2250.0,37.5
3.0,2.5,1840.0,5680.0,2.0,0.0,0.0,3.0,7.0,1840.0,0.0,2008.0,0.0,98053.0,47.6969,-122.026,1600.0,43.5
4.0,1.5,2040.0,10726.0,1.0,0.0,0.0,3.0,7.0,1380.0,660.0,1954.0,0.0,98177.0,47.772,-122.358,1610.0,38.5
3.0,2.25,2570.0,7242.0,2.0,0.0,0.0,3.0,7.0,2170.0,400.0,1951.0,1991.0,98125.0,47.721,-122.319,1690.0,53.8
2.0,1.0,1060.0,7200.0,1.0,0.0,0.0,4.0,6.0,1060.0,0.0,1951.0,0.0,98155.0,47.7463,-122.315,1850.0,29.9995
2.0,2.75,1760.0,4139.0,2.0,0.0,0.0,3.0,8.0,1760.0,0.0,2010.0,0.0,98065.0,47.5175,-121.878,1870.0,42.0
4.0,2.25,2340.0,217014.0,1.0,0.0,0.0,4.0,8.0,2340.0,0.0,1982.0,0.0,98092.0,47.2953,-122.083,2340.0,40.495
3.0,2.5,2350.0,5100.0,2.0,0.0,0.0,3.0,8.0,2350.0,0.0,2003.0,0.0,98038.0,47.3512,-122.008,2350.0,39.0
4.0,1.75,2480.0,11010.0,1.0,0.0,0.0,4.0,9.0,1630.0,850.0,1966.0,0.0,98040.0,47.5378,-122.219,2770.0,84.0
4.0,2.75,2060.0,6659.0,1.0,0.0,0.0,3.0,7.0,1280.0,780.0,1981.0,0.0,98058.0,47.4276,-122.157,2020.0,32.25
3.0,2.25,2000.0,8030.0,1.0,0.0,0.0,4.0,8.0,1000.0,1000.0,1963.0,0.0,98008.0,47.6188,-122.114,2070.0,42.0
2.0,1.0,1540.0,6872.0,1.0,0.0,0.0,4.0,7.0,820.0,720.0,1946.0,0.0,98119.0,47.6454,-122.373,1420.0,61.5
3.0,2.0,2350.0,15021.0,1.0,0.0,0.0,4.0,8.0,1770.0,580.0,1976.0,0.0,98004.0,47.6408,-122.219,3530.0,130.0
3.0,1.75,1870.0,9897.0,1.0,0.0,0.0,4.0,8.0,1870.0,0.0,1960.0,0.0,98040.0,47.5505,-122.221,1900.0,81.1
4.0,2.5,2990.0,10400.0,2.0,0.0,0.0,3.0,9.0,2990.0,0.0,2002.0,0.0,98166.0,47.4508,-122.359,2140.0,67.3
5.0,2.75,3520.0,6353.0,2.0,0.0,0.0,4.0,10.0,3520.0,0.0,2001.0,0.0,98199.0,47.6506,-122.391,2520.0,110.0
3.0,1.75,1740.0,11547.0,1.0,0.0,0.0,3.0,7.0,1740.0,0.0,1954.0,0.0,98178.0,47.4945,-122.22,880.0,24.5
3.0,2.5,2680.0,28243.0,2.0,0.0,0.0,3.0,9.0,2680.0,0.0,1993.0,0.0,98077.0,47.7637,-122.05,2670.0,66.0
3.0,1.75,2080.0,9162.0,1.0,0.0,0.0,3.0,7.0,1370.0,710.0,1960.0,0.0,98005.0,47.5846,-122.168,1870.0,63.87
4.0,1.0,1000.0,7134.0,1.0,0.0,0.0,3.0,6.0,1000.0,0.0,1943.0,0.0,98178.0,47.4897,-122.24,1020.0,16.5
3.0,2.5,1890.0,4838.0,2.0,0.0,0.0,3.0,8.0,1730.0,160.0,2002.0,0.0,98168.0,47.4802,-122.279,1910.0,26.995
2.0,1.0,830.0,6000.0,1.0,0.0,0.0,3.0,6.0,830.0,0.0,1940.0,0.0,98126.0,47.5308,-122.376,830.0,21.0
3.0,1.75,1370.0,9680.0,1.0,0.0,0.0,4.0,7.0,1370.0,0.0,1977.0,0.0,98074.0,47.6127,-122.045,1370.0,40.0
4.0,2.25,1950.0,7700.0,1.0,0.0,0.0,3.0,8.0,1350.0,600.0,1979.0,0.0,98058.0,47.4441,-122.125,2150.0,30.5
2.0,1.75,1670.0,6460.0,1.0,0.0,0.0,3.0,8.0,1670.0,0.0,2004.0,0.0,98053.0,47.7123,-122.027,2170.0,50.7
3.0,2.0,1650.0,7352.0,1.0,0.0,0.0,3.0,7.0,1160.0,490.0,1979.0,0.0,98058.0,47.4612,-122.169,1710.0,25.235
3.0,1.0,1300.0,5898.0,1.0,0.0,0.0,3.0,7.0,1300.0,0.0,1961.0,0.0,98178.0,47.5053,-122.255,1320.0,23.6
2.0,1.75,1340.0,7250.0,1.0,0.0,0.0,5.0,5.0,700.0,640.0,1949.0,0.0,98198.0,47.408,-122.327,1830.0,26.995
4.0,1.75,1660.0,10725.0,1.0,0.0,0.0,3.0,7.0,960.0,700.0,1956.0,0.0,98168.0,47.5033,-122.3,1340.0,28.2
4.0,2.0,2780.0,11583.0,1.0,0.0,3.0,3.0,8.0,1190.0,1590.0,1955.0,0.0,98125.0,47.7293,-122.284,2580.0,64.5
3.0,1.75,1680.0,6200.0,1.5,0.0,0.0,3.0,7.0,1680.0,0.0,1916.0,0.0,98136.0,47.5338,-122.384,1680.0,54.5
5.0,2.75,2760.0,5000.0,2.0,0.0,0.0,3.0,9.0,2760.0,0.0,2005.0,0.0,98059.0,47.539,-122.188,2870.0,68.2
4.0,3.25,4860.0,181319.0,2.5,0.0,0.0,3.0,9.0,4860.0,0.0,1993.0,0.0,98074.0,47.6179,-122.005,3850.0,139.0
3.0,2.25,1900.0,7800.0,1.0,0.0,0.0,4.0,8.0,1390.0,510.0,1977.0,0.0,98055.0,47.4545,-122.208,1730.0,28.0
3.0,1.5,1670.0,11610.0,1.0,0.0,0.0,4.0,7.0,1670.0,0.0,1963.0,0.0,98055.0,47.4404,-122.191,1930.0,28.0
3.0,2.25,1780.0,16290.0,2.0,0.0,0.0,4.0,8.0,1780.0,0.0,1987.0,0.0,98058.0,47.4622,-122.127,1780.0,35.0
3.0,1.0,1300.0,8316.0,1.0,0.0,0.0,4.0,6.0,1300.0,0.0,1954.0,0.0,98002.0,47.3221,-122.216,1260.0,22.5
3.0,1.0,1180.0,5350.0,1.5,0.0,0.0,4.0,6.0,1180.0,0.0,1959.0,0.0,98178.0,47.505,-122.259,1490.0,26.0
0.0,0.0,3064.0,4764.0,3.5,0.0,2.0,3.0,7.0,3064.0,0.0,1990.0,0.0,98102.0,47.6362,-122.322,2360.0,110.0
3.0,2.5,2870.0,5163.0,2.0,0.0,0.0,3.0,9.0,2870.0,0.0,2014.0,0.0,98103.0,47.6935,-122.352,1630.0,88.0
3.0,2.5,2680.0,7757.0,2.0,0.0,0.0,3.0,8.0,2680.0,0.0,1990.0,0.0,98023.0,47.2918,-122.346,2430.0,32.0
3.0,2.25,2230.0,10026.0,1.0,0.0,0.0,3.0,8.0,1430.0,800.0,1975.0,0.0,98052.0,47.6647,-122.153,2230.0,58.5188
3.0,1.5,1240.0,1221.0,2.0,0.0,0.0,3.0,8.0,1050.0,190.0,2009.0,0.0,98133.0,47.7073,-122.356,1180.0,32.0
4.0,2.25,2240.0,11034.0,2.0,0.0,0.0,3.0,8.0,2240.0,0.0,1976.0,0.0,98004.0,47.5894,-122.195,2300.0,98.0
4.0,2.25,1890.0,3006.0,2.0,0.0,0.0,3.0,7.0,1890.0,0.0,2003.0,0.0,98029.0,47.5461,-121.998,1580.0,52.0
4.0,3.0,2580.0,209523.0,2.0,0.0,0.0,3.0,8.0,2580.0,0.0,1984.0,0.0,98053.0,47.6932,-122.006,3440.0,79.9
4.0,1.75,2430.0,7559.0,1.0,0.0,0.0,4.0,8.0,1580.0,850.0,1981.0,0.0,98052.0,47.7206,-122.11,1980.0,58.5
5.0,3.25,3250.0,14342.0,2.0,0.0,4.0,4.0,8.0,3250.0,0.0,1968.0,0.0,98008.0,47.588,-122.116,2960.0,95.1
4.0,2.75,3390.0,6298.0,2.0,0.0,0.0,3.0,9.0,3390.0,0.0,2011.0,0.0,98074.0,47.5906,-122.062,3390.0,85.99
4.0,3.0,2230.0,108900.0,1.0,0.0,0.0,3.0,7.0,1410.0,820.0,1978.0,0.0,98065.0,47.52,-121.845,1960.0,46.0
3.0,2.5,1720.0,6271.0,2.0,0.0,0.0,3.0,7.0,1720.0,0.0,1993.0,0.0,98038.0,47.3898,-122.049,1570.0,26.5
3.0,2.5,2170.0,4912.0,2.0,0.0,0.0,3.0,7.0,2170.0,0.0,2003.0,0.0,98028.0,47.7767,-122.239,2010.0,44.995
3.0,2.25,1510.0,36224.0,2.0,0.0,0.0,3.0,8.0,1510.0,0.0,1991.0,0.0,98045.0,47.4616,-121.711,1730.0,41.5
3.0,2.75,3050.0,44867.0,1.0,0.0,4.0,3.0,9.0,2330.0,720.0,1968.0,0.0,98040.0,47.5316,-122.233,4110.0,200.0
4.0,3.25,4290.0,12103.0,1.0,0.0,3.0,3.0,11.0,2690.0,1600.0,1997.0,0.0,98006.0,47.5503,-122.102,3860.0,138.0
3.0,1.75,1240.0,8659.0,1.0,0.0,0.0,5.0,7.0,1240.0,0.0,1986.0,0.0,98042.0,47.3663,-122.089,1490.0,25.5
5.0,2.25,2060.0,8632.0,1.0,0.0,0.0,3.0,7.0,1030.0,1030.0,1962.0,0.0,98146.0,47.4877,-122.335,1010.0,25.5
3.0,2.0,2290.0,16258.0,1.0,0.0,0.0,5.0,8.0,2290.0,0.0,1960.0,0.0,98058.0,47.4672,-122.165,1660.0,45.0
4.0,3.0,2670.0,5000.0,2.0,0.0,2.0,3.0,7.0,2670.0,0.0,1916.0,1978.0,98126.0,47.5784,-122.377,2300.0,55.0
3.0,1.0,1190.0,8820.0,1.0,0.0,0.0,3.0,6.0,1190.0,0.0,1959.0,0.0,98058.0,47.4616,-122.184,1230.0,16.695
4.0,2.25,2510.0,11585.0,2.0,0.0,0.0,4.0,8.0,2510.0,0.0,1969.0,0.0,98040.0,47.5483,-122.226,2450.0,79.9
3.0,2.25,1690.0,4964.0,2.0,0.0,0.0,3.0,8.0,1690.0,0.0,1989.0,0.0,98029.0,47.5756,-122.01,1800.0,50.0
3.0,2.5,2000.0,7251.0,2.0,0.0,0.0,3.0,9.0,2000.0,0.0,1995.0,0.0,98034.0,47.7067,-122.2,2450.0,57.75
3.0,2.0,1680.0,5036.0,1.0,0.0,1.0,4.0,7.0,1680.0,0.0,1987.0,0.0,98055.0,47.4734,-122.186,1680.0,37.0
4.0,1.75,1275.0,20000.0,1.0,0.0,0.0,4.0,6.0,1275.0,0.0,1991.0,0.0,98070.0,47.3796,-122.49,1660.0,30.96
3.0,2.5,3170.0,12750.0,2.0,0.0,0.0,3.0,10.0,2360.0,810.0,1995.0,0.0,98023.0,47.3384,-122.336,2970.0,40.5
2.0,1.0,1010.0,5000.0,1.5,0.0,0.0,4.0,6.0,1010.0,0.0,1908.0,0.0,98105.0,47.6692,-122.297,1460.0,55.07
4.0,2.5,2250.0,14440.0,1.0,0.0,0.0,3.0,7.0,1550.0,700.0,1967.0,0.0,98027.0,47.5221,-122.045,2090.0,49.65
3.0,1.75,1060.0,7875.0,1.0,0.0,0.0,4.0,7.0,1060.0,0.0,1986.0,0.0,98092.0,47.2761,-122.152,1420.0,21.2
3.0,1.5,1255.0,1374.0,3.0,0.0,0.0,3.0,7.0,1255.0,0.0,2004.0,0.0,98125.0,47.7145,-122.311,1307.0,31.2
3.0,2.25,1620.0,8701.0,1.0,0.0,0.0,3.0,7.0,1220.0,400.0,1962.0,0.0,98007.0,47.6071,-122.137,1600.0,46.995
3.0,2.5,2320.0,36847.0,2.0,0.0,2.0,3.0,9.0,2320.0,0.0,1992.0,0.0,98045.0,47.4838,-121.714,2550.0,43.75
4.0,2.25,2180.0,10754.0,1.0,0.0,0.0,5.0,7.0,1100.0,1080.0,1954.0,0.0,98133.0,47.7711,-122.341,1810.0,53.0
3.0,3.25,2770.0,6278.0,2.0,0.0,0.0,3.0,9.0,1980.0,790.0,2006.0,0.0,98056.0,47.5228,-122.199,1900.0,46.1
4.0,2.5,3140.0,9225.0,1.0,0.0,2.0,5.0,9.0,1770.0,1370.0,1966.0,0.0,98055.0,47.4904,-122.226,2460.0,57.8
4.0,3.5,2800.0,6750.0,2.0,0.0,0.0,3.0,9.0,1890.0,910.0,1951.0,2002.0,98105.0,47.669,-122.275,2370.0,88.0
4.0,2.75,1720.0,6270.0,2.0,0.0,0.0,3.0,8.0,1720.0,0.0,1978.0,0.0,98118.0,47.5458,-122.268,2130.0,47.7
3.0,1.75,1480.0,6360.0,1.0,0.0,0.0,3.0,7.0,1480.0,0.0,1954.0,0.0,98133.0,47.7311,-122.353,1480.0,46.5
3.0,2.0,1450.0,9132.0,1.0,0.0,0.0,3.0,7.0,1450.0,0.0,1987.0,0.0,98034.0,47.7288,-122.226,1580.0,39.15
3.0,1.75,1280.0,7524.0,1.5,0.0,0.0,4.0,7.0,1280.0,0.0,1988.0,0.0,98031.0,47.3961,-122.188,1500.0,24.2
4.0,1.75,1620.0,4980.0,1.0,0.0,0.0,4.0,7.0,860.0,760.0,1947.0,0.0,98133.0,47.7025,-122.341,1400.0,38.5
2.0,1.0,1380.0,5000.0,1.5,0.0,2.0,3.0,5.0,1380.0,0.0,1905.0,0.0,98106.0,47.5708,-122.359,1500.0,79.5
3.0,2.0,1260.0,5612.0,1.0,0.0,0.0,4.0,7.0,1260.0,0.0,1972.0,0.0,98034.0,47.7362,-122.179,1640.0,32.5
3.0,1.0,1670.0,4005.0,1.5,0.0,0.0,4.0,7.0,1170.0,500.0,1939.0,0.0,98117.0,47.6878,-122.38,1240.0,46.0
4.0,4.75,5310.0,57346.0,2.0,0.0,0.0,4.0,11.0,5310.0,0.0,1989.0,0.0,98077.0,47.7285,-122.042,4180.0,137.0
1.0,0.75,380.0,15000.0,1.0,0.0,0.0,3.0,5.0,380.0,0.0,1963.0,0.0,98168.0,47.481,-122.323,1170.0,24.5
4.0,2.5,1710.0,9627.0,1.0,0.0,0.0,3.0,9.0,1440.0,270.0,1976.0,2014.0,98006.0,47.559,-122.164,2140.0,74.9
3.0,2.25,2190.0,107593.0,2.0,0.0,0.0,4.0,8.0,2190.0,0.0,1983.0,0.0,98077.0,47.7731,-122.08,2570.0,69.995
